"","Name","Age","AvgDrive","DriveAcc","Greens","AvgPutts","Save","Money.Rank","Events","TotalWinning","AvgWinnings","V12","V13","V14","V15","V16","V17","V18","V19","V20","V21","V22","V23","V24","V25","V26","V27","V28","V29","V30","V31"
"1","Baddeley",23,288,53.1,58.2,1.767,50.9,123,27,632878,23440,69.7341082961906,68.7491764454018,70.0726142221281,70.3584921312188,71.1561327625232,69.9119950008299,70.0108638002466,69.9819068099225,70.0388923853723,71.3051189532749,68.6097968389532,68.7440120499028,67.963735502702,70.4173667841989,68.9297352707937,70.7645736933815,70.0639224876384,69.4934556929821,69.8248909016092,69.9549324576312
"2","Scott",24,295.4,57.7,65.6,1.757,59.3,7,16,3724984,232812,67.5097522151496,70.3966635126747,70.3181446144989,67.4389695324127,70.8825413633806,70.688307529857,70.9504358880606,68.5920340072053,70.3669303809272,70.4748294285012,70.3857804356588,71.1440182359552,70.8577657597429,71.2628018171478,68.4360784515618,70.3712169549043,68.8840560121221,69.4754756022092,70.1525220963682,69.6134229587805
"3","Cejka",34,285.8,64.2,63.8,1.795,50.7,54,24,1313484,54729,71.4024586330308,68.7499901571797,67.999676655429,71.7471922858472,70.3070861588191,68.7146772623257,69.9330846640107,70.576464370151,70.2034905209786,70.3836134781687,70.9030212685386,70.2160064332296,68.8696341736661,68.1458293835805,68.715685284276,70.0593170137337,68.9416979156586,69.4054066423778,68.2468778760544,69.3991551771979
"4","Stolz",34,297.9,59,63,1.787,47.7,101,20,808373,40419,70.109204292937,71.6714523978076,69.9980970209923,70.6786883152124,69.9884803182655,70.6534616638241,70.8958397894825,69.5679828266318,72.6402093251583,70.239007345333,68.7992839331259,69.5481020182188,70.8385602691302,71.2474617966751,70.245270758976,70.3929265314418,71.0221493918812,71.680923853922,71.8586964194429,69.2649258755667
"5","Atwal",31,289.4,60.5,62.5,1.766,43.5,146,30,486053,16202,70.9920656993633,70.7464021190932,70.3702586972573,70.0456846516653,67.313233568013,70.3968678537993,72.0623898527836,70.9859037500402,70.3336654319251,69.3733973372047,69.3248595053179,70.3824135990818,71.7916616576402,69.709125901108,70.714043054853,65.973966710227,69.3594036736835,68.3198213262831,70.2169200167586,71.1487168108134
"6","Oberholser",29,284.6,68.8,67,1.78,50.9,52,23,1355433,58932,70.587138623031,69.8442895469066,69.6706089497578,69.3976554078867,68.7098006011013,68.4468380611241,67.9635643770196,70.3390733257248,70.7431449960343,69.1554738555211,72.5575430104709,71.1768966120022,70.3391968123966,71.0310417682701,68.7833329273657,69.5131436244072,70.5033515229658,69.7567495421717,69.9018680431109,69.2789395382409
"7","Bryant",42,282.1,74.2,68.9,1.777,40.4,80,23,962167,41833,67.1452242851586,70.2954289692097,67.4443476455365,69.2389166959511,68.7401348740428,70.9363282419607,69.8502305701177,68.3600234174032,68.6017441428084,70.2608180404521,68.7527539429952,70.2469982587817,71.2419313107871,68.4447323524236,70.5754507954029,68.4068516551058,69.880786697108,68.1226910209012,69.1113558956254,69.774697300262
"8","Crane",28,283.8,64.4,64.2,1.74,53.8,75,27,1036958,38406,69.5624851142519,68.4956233137542,69.4941224087343,71.1506624820893,69.9213727299149,70.4356211617352,70.0790298231468,70.9762449988003,71.0645463360777,69.4800290554345,70.4497582515652,70.2387530615373,69.0274228197893,70.0323361489014,69.7018264803427,69.3272083139919,70.1284039480175,69.932483837053,70.1386251643462,70.4436855998242
"9","Curtis",27,282.1,64.3,63.4,1.809,42.2,141,20,500818,25041,69.9228362132515,70.4156083521515,69.8901934769182,70.6480861006642,70.8386898872641,69.6675043846294,71.0585175706454,69.9077724089426,69.9157591865204,70.3827413678275,71.1558910799645,70.3919089756032,70.0513862464573,70.2768324479313,73.2294447465802,69.1906602029865,69.0769269017295,69.7987155825927,68.7125454373445,71.0353381125734
"10","Langer",47,282.2,62.6,65.3,1.777,47.7,83,15,943589,62906,69.2998164367861,71.5063842208293,69.7915482889613,69.6771384200131,69.8042193337276,70.3418452705423,69.9098905464235,69.8693651687403,70.6005650293955,68.49717085479,68.1648015616925,69.6564809284504,69.5778059749811,71.4042857520969,68.539218809069,70.0507712768513,68.7206793190954,72.2639277225408,70.4343395102117,71.2773190001027
"11","Andrade",40,283.5,59.7,64.4,1.773,50.5,124,31,631143,20359,70.5256422894761,69.3909063514962,69.8291494927244,70.0705484309725,72.335725623088,69.7156547201724,71.1382463670925,68.777959123581,69.3552376188381,69.7079727077937,69.4433496526789,70.2354234651215,68.2971466695504,70.0880920994533,69.635842246645,68.8554805290944,70.380938055991,71.5412958138207,70.5100517555015,69.1515894513315
"12","Mayfair",38,285.2,70.1,66,1.829,49.7,140,32,503252,15727,71.1370189729448,70.7425644045903,69.7815086322239,69.8462390972805,68.4208429957654,70.825630643091,72.1666343934049,70.0174751411433,70.1608750042125,68.9857648576979,71.0154679933702,70.2256213168021,70.0699873542426,70.489472362848,68.8489701300255,70.5644019669045,69.8655759248409,69.9742434418363,70.7442420876419,69.5809125560205
"13","McCalliste",46,280.9,63.4,63.6,1.808,42.3,198,27,162701,6026,70.811939011832,69.03551404575,68.813360749326,69.1972827764148,69.0662702318076,70.1568093574151,70.3886052318945,69.5527507957602,69.6844873274521,69.6908754574914,70.2060276111709,69.9806934389338,69.5881642054535,70.1069403813826,69.0207402350615,69.9918156883282,70.4686653863831,69.5600992473743,70.195135810504,68.3295178705168
"14","VanPelt",29,294.4,65.1,67.7,1.768,43.1,39,30,1553826,51794,69.3230458087591,71.5746354049815,71.2664778517654,69.3026706070664,70.6922476873652,70.3859262543109,71.2046952271579,71.7005391512032,68.225375773566,68.2415653290259,71.4749185575736,69.5959627216587,68.878948970533,69.0274808355771,67.8619643301358,69.7711382283886,71.3931765740998,71.6095651995053,71.6370708777177,69.0416859649615
"15","Burns",36,276.1,67.2,62.3,1.769,51.9,130,30,581421,19381,70.5437931481093,71.4753072787522,69.8462841807385,70.2460824119312,69.2119437510243,70.993426640687,70.602505508113,69.860232539138,70.3124175271667,70.0273486927492,69.8585806557716,70.8145679856615,71.0059594710668,70.4791701191433,70.4708796667155,70.3760056873042,71.1191748804947,70.2891676132509,68.9113218694445,68.6205980747384
"16","Estes",38,278.2,63.9,64.2,1.756,44.8,74,23,1046064,45481,70.7860691560631,71.7713147832442,71.3672717748134,69.5999106285904,69.1612343890948,69.432068806029,70.1297712646741,69.671394835083,70.2050007315035,70.8127159733622,69.3362979843764,70.3051374673022,67.2795175918594,70.0251596181838,69.2751360115647,69.5741059495737,68.8333879757556,68.4503109032747,69.7730739964547,68.8699251345734
"17","Tway",45,278.2,63.7,64.8,1.788,46.9,79,26,966554,37175,69.2733455056037,69.3280096676382,69.5237857911061,69.9715685186065,71.0009077733641,69.0257843194484,70.1547147167619,70.4084187326525,71.530830961136,70.1551054678064,70.8552599657198,71.705544908263,70.8465852754681,69.4289076640867,69.754500444977,70.5671165067351,70.5959272492153,69.3518295279534,70.444575929857,67.7904819897253
"18","Faxon",43,273.7,61.6,61.4,1.749,52.9,76,28,1016899,36318,69.5388973210856,68.1715570599833,71.0445422853631,73.007632956024,70.9169149139551,72.595606200492,68.305306228138,70.0328433282242,69.8512635576237,69.7319708733829,71.3642133108335,68.2981202548808,69.7326308611073,70.0612790568834,69.2507532753985,70.3239224754011,70.9256462720534,69.7401595882631,70.4633627777334,69.3508019101735
"19","Pappas",34,298.9,50.1,63,1.759,55.6,137,34,524907,15438,68.50823093705,69.2987783898012,70.5591904487611,70.2754917068043,68.4804384554348,69.6395243205481,69.9540914730612,69.885855267414,69.4498237796831,70.4970015353563,69.9295414787831,68.962469247551,69.4192077919148,70.7290421544557,69.8229228284691,71.1249434098875,70.4862526469857,69.7031911233017,69.1870328659085,72.0374057072717
"20","Geiberger",36,291.3,64.8,64.9,1.775,49.3,57,31,1259780,40638,69.8384805824889,69.7727768469487,70.0376302360307,69.0368523186478,69.8474837104135,68.8511915231968,70.4898108006047,70.4828724359462,70.2983504455495,71.1946307529301,68.8460196178811,69.6114548960181,71.4237052159416,69.6008487587764,68.363913721148,70.7601032064855,70.0638248110803,69.6017600007384,69.7002319622309,68.8626742528902
"21","Quigley",35,294.3,57.2,65.8,1.78,52.7,97,31,836382,26980,70.4476007798922,70.3421678403824,70.1164007643215,68.4189474538792,69.0622701875393,69.1254676666297,69.6901263219765,70.8555774413819,71.289887188743,71.536113661773,69.4278907105835,70.0702854116163,68.6147052500855,70.2336712216639,69.7488187817038,72.5233334842893,70.4854131919365,69.238132370106,70.3926908159598,69.7534149047515
"22","Bateman",31,292.2,66.1,66.6,1.766,48.5,86,24,919256,38302,69.8760979509488,70.2982164826595,70.0770989722401,68.7088601282858,69.0470229729424,67.90327761145,70.0600021185647,68.7807315366237,70.9817089886019,69.7415558480778,69.9773080071866,68.962830560453,70.6564993115643,68.1832910992702,69.2379182856386,69.523630275617,70.3548488118459,68.4891193758712,70.2068586442301,69.44411466791
"23","Gay",33,279.7,64.8,61.5,1.737,52.2,122,32,645196,20162,69.3981674991479,69.7201251775497,70.2346890560262,69.5259617172742,68.9943171290022,70.6074404277389,70.4150003829533,70.6903007702816,70.8473858802981,67.4716341732639,69.6168255182128,70.8196312947621,70.695575347128,70.0460015565796,71.3871365064996,70.2081710268392,69.7508831720264,70.4510004459893,70.6512568640693,71.3958805079049
"24","Kortan",33,292.4,63,62,1.844,52.1,200,24,159939,6664,70.9298037755384,71.3498437887392,70.6516039976763,70.7788091366362,69.2302672674366,69.2265706225159,70.5368042675433,69.914557870714,70.1214983669766,68.2450498088511,69.2231901550043,69.9745535864963,69.2738632144959,70.8426994468392,68.9992306222691,70.1841198976336,70.0408513745232,71.4894422299688,71.1154939893319,70.2347080393747
"25","Baird",32,289.4,65,70.6,1.78,42.1,69,30,1156517,38551,69.2712269105381,69.4166405855632,69.4962844830504,71.2507627623277,70.9031757420872,69.0165584041057,69.5243458441897,67.8801382937608,69.2397323963413,70.1590499002376,70.1564066425172,69.6004821462036,70.1244888205369,68.1114781730155,69.949873314108,70.0580987224352,70.246866857637,70.5980269095949,71.7780329253999,68.4500948756207
"26","Beckman",34,291.2,66.5,67,1.771,47.3,107,30,779189,25973,70.0717794363973,71.3041328896836,70.2600451045629,70.1136872089249,69.8643531912355,69.3416103709172,68.7252402820612,71.3795559969668,70.9820860919104,71.0331498724538,70.8068227337539,71.4467006385051,69.027880233094,70.9557355805076,70.064235466094,72.9748341349765,70.3082731712034,70.1529469955906,70.1952694345153,71.8877697398391
"27","Pettersson",27,290.8,61.1,64.5,1.733,52.9,51,28,1367963,48856,69.7314066180946,70.9933620028596,69.0257857771541,70.9762048897981,69.0837189150565,69.6827038172833,70.4106458676943,68.3056452159864,71.4070499502375,68.6629503735841,69.0053627340216,69.5785826250602,70.4905906563877,67.399891424415,70.2629053584589,69.1457882568057,70.1033911026633,71.2486092585061,68.2838933132767,69.6234484485008
"28","Franco",39,290.6,59.3,67.8,1.798,47.1,29,27,1955395,72422,69.848430240319,69.7046817191837,70.1934707777505,69.5481258685951,69.6975956477781,70.4190988191549,69.0161286136646,69.5269347476618,69.458227446018,68.2544691655789,69.714888989738,69.7241701094202,69.4139633401669,70.3074574409733,70.0644934493726,69.7911626478058,69.6969238653924,69.180308790808,70.4278445462848,70.4185025424675
"29","Campbell",30,288,63.9,67.7,1.799,46.1,24,28,2264985,80892,69.6510462646449,68.8606892931195,67.8669996106617,73.4873695729751,70.9960453497622,70.4171460596162,70.4858181082029,70.1529241522278,70.6432486578213,71.3030963201662,70.0249885768271,71.3779298327421,71.1990976252061,70.4302497914438,70.5399420603029,69.9915960267716,70.6813852444082,71.1478281834707,69.1443997029061,70.452928170368
"30","Howell",25,288.5,64.3,66.1,1.802,48.9,33,30,1703485,56783,70.2655740341281,70.6516521901572,69.8462694742452,68.8903943745448,71.0374973584622,69.3186674269317,69.9856207579167,71.1528994890119,68.5908737623215,69.6382800528904,70.9168159839415,67.9826581191628,71.4091514160433,69.5150125403941,68.9843322761181,70.1244754910759,71.4370471720223,70.2506356910846,69.3489234816754,70.673454208816
"31","Couch",31,302.1,56.2,60.8,1.796,34.2,217,24,100283,4178,70.8090602014208,69.9804110908523,71.8274169935475,69.7169314232116,70.0040090283435,69.3799356051919,69.4560862029555,71.3800649660008,70.337945369982,70.1825335265473,70.7523094024976,69.9047713933423,68.451572097843,70.9378483896487,68.3254863621861,69.6808425807707,70.770521716826,70.0112305320963,70.321981277526,70.0157485953119
"32","DiMarco",36,277.3,68.6,67.1,1.752,50.6,12,27,2971843,110068,69.6423269431147,68.2102959412616,69.6283157395766,69.6800033398758,69.5584631593956,69.9340829737058,68.9520686233264,71.8658727603438,71.0813211027662,71.6834585799603,69.0420158903882,69.801603245462,69.0206970427212,70.8340740269397,69.1396497622361,69.5673920302751,71.1167718730464,68.3763124435652,69.3452596866513,69.7998294695147
"33","Riley",31,277.3,61.8,62.5,1.766,51.6,56,23,1292732,56206,68.4604702083658,69.8073687274852,69.9750688598294,69.4476152728405,68.5977660284542,67.0872296585192,69.5001062079206,70.376083370296,71.6619975914063,70.6635494964928,70.9552886899303,69.5353171586837,68.9133826491525,71.7248898515283,68.8444030936848,69.4607663037106,69.403823197821,68.8210142198242,70.8031845037064,69.2048844402561
"34","Smith",35,304,59.5,70.4,1.811,33.2,115,33,692785,20993,70.170906772146,69.6124065267268,69.8320631726249,69.7821282629115,71.5499291804756,69.959769207495,72.2676984276006,69.7453794869169,68.8323642063562,69.3039860169216,67.2586806929884,72.2155440967641,67.9581667478083,71.6640775968496,71.1577730746748,68.4867739193049,71.0604467508258,71.3625656733444,71.0096464925506,70.6406831351772
"35","Kresge",36,283.4,62.8,60.5,1.802,45.7,175,33,258061,7820,69.8469267687317,68.1243528068578,70.9023802012419,69.0285074315782,70.6103085549248,68.7353382609535,71.2641290320513,68.9639702385018,69.2853949953673,69.4046427663868,70.0427462202202,71.0210804152726,68.3634217258154,70.7163382350374,70.6827837945942,69.9125179185926,71.0766029574255,70.2562929777741,70.9161572963002,67.7715631203523
"36","Pavin",45,268.2,71.9,62.1,1.762,57.4,89,23,881938,38345,72.299742203178,70.2638755368374,68.7397183746648,71.0472778764879,69.3520065765893,70.7473748973165,69.7442199918371,70.5344278151479,70.0982192970577,70.2705034689398,70.1559821522334,69.1109845432651,69.1126506734751,69.8604955694879,70.0328044719774,69.4620320715649,71.2014441869531,68.9876491016772,70.9035759478211,69.4765448537476
"37","Barlow",32,291,67.8,67.7,1.787,52.9,128,25,595820,23833,71.1838689556974,69.4466293885753,69.1422585311946,70.9206349406063,69.7322836875582,68.3987900511958,69.7344789181044,70.4195818633587,70.5077653717153,68.4718441355698,70.912560110312,69.0079519160839,71.3801101008834,70.3397518872747,69.5120559221452,67.9649668062874,70.0120153943693,68.4010711974191,72.2527117098645,69.8337464305369
"38","Bowden",36,270.8,76.1,62.9,1.791,53.1,143,30,494569,16486,70.6505608878425,70.8319638401376,70.4687672638918,68.6582941039574,69.4558271803767,69.4521552941557,69.0795512121676,70.6915574391794,69.8624468073681,68.8576515491795,68.3504715221996,68.9391995405125,71.5914035287938,70.6190456053148,69.661749178331,69.9834121629811,70.3536586903518,70.1165473144013,70.4383585809508,69.0430378831687
"39","Parry",38,276.9,63.5,60.7,1.797,55.3,55,16,1308586,81787,70.3390493049947,70.2882820778187,69.7222485290944,69.4095446540695,71.3248278256215,70.076188159984,68.9759464248998,70.5645337425154,71.2661307397646,70.7403224002353,68.4487711595314,70.0416443010628,68.8949366943346,70.7078993403028,71.0810307592391,70.7916465654132,69.1724864789951,68.9377860362927,69.5817391705425,69.341215511736
"40","Perks",37,289.4,54.4,63,1.815,50.5,152,27,423749,15694,69.9077270587509,69.8304495440398,69.8462543491478,69.8676495775237,72.6165707384185,70.686822298762,69.8915504688999,69.2723633830155,68.3084497493917,69.4836374118498,70.6141970895945,68.9873966511487,69.4462508008678,70.3999873395076,69.2395960322534,71.4822609969332,70.8374467388757,68.3623936179147,72.2622048054367,70.1761850461632
"41","Brigman",28,290.7,63.9,65.8,1.81,49.6,160,27,356943,13220,69.5629130629671,68.0561784338733,70.1151386687233,71.8477464809769,68.9223926450809,69.6689659042678,70.3122920624344,69.720347716384,70.5117593184462,69.3787621190842,69.6569326359558,68.759851713259,69.8458740621394,70.4129050564997,69.1006785829478,68.3422938941205,71.8293026802899,71.3527325534518,71.7626345318972,71.5219359115218
"42","Forsman",46,281.9,64.3,63.1,1.811,62.3,165,28,315540,11269,69.8934481562658,71.0183289195526,70.3678180442998,69.08736093542,71.7961237029169,70.8260541822842,70.1432718360899,71.1063001205019,71.0182824852027,70.2505905707902,69.3245229527801,69.1452156745017,69.7498073912434,70.6375205827681,69.5158899856153,70.5122676607079,70.1935552709941,69.4631546213503,70.7803080829274,68.9772114969453
"43","Olsen",37,296,51.5,60.7,1.778,41.4,207,31,135731,4378,69.9761253918986,68.7351022989533,71.2116867992131,68.8032598579445,68.5325541146552,71.4776021925454,71.0201466641585,70.026968646231,70.5732403476824,70.9950915701589,70.0758357058865,71.2076919408516,70.7305463835168,69.2100366688389,71.1548803487277,71.1929280941225,72.0268356051302,71.2983679714495,71.3527914490263,71.0928808161039
"44","Chopra",30,295.9,58.6,63.9,1.748,52.2,108,33,763253,23129,70.4590703397422,70.2636941517182,69.8323765503935,69.2140627584988,70.2922175505856,71.5745113159893,68.8834732426042,70.2178282418293,70.5423915544669,69.0115207192533,69.4923774432033,68.518731703087,69.1256630397544,70.5634180570824,69.8047848783175,70.9557692978325,70.1549742890209,71.4030261438035,69.0564639452997,69.4938671789747
"45","Briggs",44,283.8,65.5,68.1,1.792,45.6,157,28,397606,14200,68.7323922645547,68.2047935000149,70.7487003887326,69.6731624662348,69.677332709893,70.9541005109531,69.044180388007,70.740110977021,71.5354023574011,69.8635595967833,69.2438926512384,68.9717223184245,69.4711690798901,69.5276198296597,69.1867747326165,68.8079340296433,68.6726257748137,70.3788261642526,68.1196776414554,69.3119059015302
"46","Ellis",34,286.7,62.9,63.9,1.757,54,144,26,490414,18862,68.7129302851994,70.7484698701479,69.4922124738454,70.5551989201983,69.193405901863,70.8302756440201,69.5368215512087,71.0001535544722,69.5534674441305,69.6365715600147,70.9091971494372,69.5302445004241,71.0890919424087,71.5712852941225,69.8755743315883,69.9431260686971,69.216947657783,69.0608371933401,68.9993960763162,68.60323683115
"47","Clarke",36,289,62.3,64,1.745,46.2,28,16,2009819,125614,70.0261679476524,69.4398971454985,68.158720623185,71.1955718072022,71.4548221679461,68.3304706885639,70.4089529603188,70.5988640604112,71.0128026131522,70.4016060542075,72.1296051069046,70.103640567025,68.8149304738302,69.3280632068442,71.181576482822,71.3439196882672,68.5333039420815,70.7625311262622,68.270397382015,71.040304140469
"48","Branshaw",35,285.8,66.6,66.2,1.796,43.2,169,30,293617,9787,70.5057343038302,69.5293712506973,71.3804943092238,68.3718914707004,69.0575893481909,69.7487639400878,70.4213076887513,69.7746637920185,71.3907676141277,70.5003580483025,70.7035688221331,69.6579444330106,71.6148579537381,69.4807996265067,70.1741347980777,69.5428996642191,69.9501674669102,70.2141515459034,68.0850667801763,69.0340801125984
"49","Frost",45,273.6,66.1,63.7,1.802,60.1,155,26,402589,15484,70.2858055031314,70.9502376741918,70.5836446339679,68.796892412292,69.6549598083738,71.6602918934233,69.0606691664757,69.8084884904162,68.0321542562695,69.5083282017485,70.9450648167224,70.0741287766664,70.1559961405537,70.999521822461,71.0385101495148,70.0888356081378,69.4206985458087,71.1341301311157,69.3736534261682,70.2656366990878
"50","Gossett",25,283.8,54.4,54.7,1.847,47.7,245,25,21250,850,70.961895325033,69.0668600753548,71.4081785749637,68.0382382085983,70.5213606005348,68.3134143674996,71.6207047033034,69.3209823463482,70.8694540832882,68.8399223043836,71.0834830852026,70.35728613292,68.7527029256363,69.7174523848386,70.5497762094963,69.3150957365891,70.6742785827239,70.115058382377,70.5717801109134,69.341243673609
"51","MorlandIV",35,272.8,69.4,60.1,1.786,49.2,197,27,164435,6090,71.3393348967138,69.5087485052805,67.6569273719282,67.5731115778062,70.4658382292027,70.7569743139541,69.5811373948131,69.8111123259259,69.3396506227756,70.1880584912989,71.3848713465265,71.1543785138729,68.6730327522617,69.7419230175711,70.8997494004699,69.8487882758195,69.420085277508,69.5206984906083,71.6307272754605,68.9242576117962
"52","Peoples",44,281.3,63.7,64,1.779,50,147,26,479465,18441,71.7771364724574,71.1109974080382,69.4224595490529,70.1355966959191,71.7305528845736,68.9977983696383,70.8201347930001,69.5354902023124,71.6912709622876,70.5436662308902,70.0516573496135,70.0351649518291,69.1188039317391,69.7934128786495,69.1865949769429,70.8907573507708,70.2032188727871,69.1378475696901,70.9202446170341,70.7930246854204
"53","Toms",37,285.3,63.4,68.5,1.758,55.7,22,24,2357531,98230,71.6538644537207,69.84926609318,69.4408167180119,69.7610248675057,69.9585828508777,70.7687936269298,69.3085015343446,70.87461757462,69.7552866594682,69.7017716466488,69.8312850503916,70.1029677312111,70.6211764839473,69.27666694474,70.7655280088883,70.6769895590035,69.7634936413351,69.8289869593872,68.3124415278895,69.1916514268198
"54","LoveIII",40,300.1,60.1,63.4,1.753,51.9,10,24,3075094,128129,71.0620705747681,71.2862926990144,69.5862737665824,70.3554178979957,70.0528373867151,69.4522477030499,69.6194800414244,70.3749784959864,72.093337619329,68.3636521480874,69.5173694499025,71.9555271752689,72.157593509029,70.5737914988765,70.4871262918473,68.5629290644897,68.8773570483905,71.0662668320911,69.7867850139939,68.9709631824662
"55","Wilson",34,282.2,63,62,1.755,52.4,133,33,561341,17010,71.0954916488781,70.5662552429016,70.1333278414266,68.6166790573138,69.7225556797283,70.5388603115639,70.7162300789687,71.1621225909097,70.531658961094,70.7977313282875,69.0465971160444,70.1440804723442,70.3602282191026,69.631847713593,68.9857789733809,71.4061724055497,71.5315170268179,71.1697311477723,70.6204507317277,71.5162111042839
"56","Pappas",37,295.3,60.1,63.4,1.776,44.1,161,22,346632,15756,70.2092494304922,70.8294613576224,70.2883586617668,69.4720019279511,69.7367294313025,68.6819255342846,70.8171725680586,69.3016729109997,70.1531062092999,69.558416396391,70.696668615594,71.4075540448707,70.6375903362658,70.5516816224586,69.4576215898895,71.8774721867991,71.0994530851543,70.032486204409,69.4528479809721,69.9861544786937
"57","Paulson",42,300.1,60.4,63,1.774,61.1,117,21,677035,32240,70.2718421002337,69.6042646301973,69.9514255093007,69.7020224052291,70.6915063255449,68.2941804094725,70.7674959056564,71.2251523906379,69.8671639500517,70.621491379821,71.3186931562626,70.3324372807946,70.7157618755398,69.6875035427257,70.8877260685167,70.7900426360243,71.276301622675,71.8552191990422,70.8278401891933,70.9431419953169
"58","Pride",35,280.5,68.3,62.6,1.842,41.5,184,23,230329,10014,72.1163238999593,70.7101504824379,69.1019548360448,68.4244562372912,69.8988866860113,69.1431831548368,70.1371503088666,70.124915802647,70.0126223057994,70.5426771415333,70.2464715653319,69.8962933544916,69.2287714022725,70.3879726921949,70.592329264124,69.1691028610963,69.5013934496404,71.4620780477548,68.8619913994823,68.219154539374
"59","Hart",36,285.6,63.1,64.2,1.784,45.6,92,23,854638,37158,69.7510697464265,68.2249077923608,71.3212273978414,70.0503994342959,71.3943476344121,68.1697194487721,69.6077575954307,71.1227863200056,70.8917292381402,69.9093418132981,70.3222114823401,71.8741817433827,68.9117618346404,68.928918002571,70.972821266183,68.1749867424462,70.0925423652683,69.7658832643074,70.8025827830677,69.5894912459501
"60","Waldorf",42,285.4,68.6,69,1.77,41.3,46,26,1487912,57227,69.2149684686849,67.9581214078719,70.2833074946788,70.1689313819065,70.1113389847358,71.5728415981601,68.5136572766575,70.7795099548043,69.0510796560998,69.529780870641,69.6570832358574,68.5639042513498,69.3845830928528,71.0631998384589,70.8761810111506,71.4667846547523,70.5997845702008,69.5650182554336,69.8653184210389,70.5397936301345
"61","Els",35,298,55.5,65.6,1.74,47.9,2,16,5787225,361702,70.1339885097216,69.7083263044059,69.4642337034797,70.2726091321801,69.2159305529239,68.2950888144875,69.2687132011083,68.7855657312781,69.6773727184058,70.9065893086064,72.2574210362199,68.8525359383529,70.1582617718987,69.2713109747474,68.873741912649,69.4965700511613,68.9544175351148,70.2901810147274,68.6606699823786,70.5349095125183
"62","Toledo",42,275.2,67.8,60.1,1.795,51.8,211,36,115185,3200,70.9322059309987,69.8034670321092,70.1678079501713,70.7236525843082,70.5807325967062,69.3585939825605,69.6370868206715,71.6736274505599,70.3698683661739,69.9677299673811,69.8997707379212,70.2486277687819,70.6708167779671,71.5639069873452,68.8250964539657,69.4463226926584,70.4179980387583,71.0770776989406,71.5228406743343,70.0118192350576
"63","Lickliter",35,287.3,66.6,64.8,1.759,40.8,58,27,1259235,46638,69.8708385561256,70.9592023374468,69.9515004668186,68.8128663845761,68.1969843510801,70.2600061577739,69.4685832622618,70.4061183488715,70.4351559716954,70.8746035319806,69.6498496525508,71.2768545068774,70.6284247046286,70.5378131919982,66.9277897862226,69.2612474639306,70.8196429894114,70.2942418389123,68.8537639141772,70.9511037415698
"64","Couples",45,294.5,58.8,66.3,1.781,47.1,50,16,1396109,87257,69.3606403134869,70.46940608291,70.6491852020299,69.78619854105,70.3019601682382,70.8327838998794,70.0664577427116,71.1671784187808,69.3525941160727,68.1793303638376,69.1822237540689,69.2775156483878,68.316953564195,71.3519026518502,70.4281822338102,71.0804088728923,69.1926573912867,68.8239681164512,73.821356000201,72.6673009373263
"65","Funk",48,271.9,77.2,65.5,1.769,54.6,25,29,2103732,72542,72.2897200395758,70.2347218061991,69.6297300194158,68.9562963243519,70.5324139181307,68.7777695723147,69.0677878010187,67.912367633159,71.4957746981973,70.2439926285985,70.6470105332169,68.230568120536,69.0413647151779,69.6159058715076,69.8308481215357,68.6201435986278,69.1365276701003,70.1041616769582,69.4218205460859,70.3328936514135
"66","Jacobson",30,287.9,55.6,64.4,1.75,43.9,59,24,1259048,52460,70.2906819806377,70.4831910474046,69.9172140545583,70.8197523542615,69.9494075568033,71.3500262333067,69.4160332825324,69.1059798629235,68.7723335217192,69.1763358166733,70.4773783253865,68.0636527216018,71.5946704861397,69.7052180541324,71.0238244052982,69.6002036353225,69.5325113832769,70.9414051544687,68.2172275601046,71.166103337628
"67","Sauers",42,280.2,66.2,62,1.788,42.7,170,30,287150,9572,69.8053273472556,69.4243994420636,70.6504994730856,69.3349767964858,70.6513068216287,70.1248830044756,70.0686888151041,69.8849300676799,71.2902993191247,68.7369820781872,69.9259292593813,68.6679705485439,69.5304094849713,70.6992798048186,70.6104938137731,70.6449402740232,69.7250572817773,68.2550174091063,68.2388414167921,71.7262750575653
"68","Ogilvy",27,303.3,63.2,66.9,1.752,61,61,26,1236909,47573,69.6924307923885,68.0715556369919,69.2244561331454,68.333189023314,70.8398630048517,70.6493954437898,69.9386562351936,69.9473761348608,70.7986213530937,70.5440429999246,67.7525087887089,69.1402059457427,71.7536164265257,69.5656450375832,68.4945542311714,70.7406661495234,70.688874504373,68.5982962858001,68.5778361472032,68.8566851539929
"69","Day",39,286.1,65.6,61.8,1.749,47.5,138,33,519935,15756,70.5131736479371,68.776056403579,71.6525979059905,72.2998509435365,69.699633413129,71.1507849219198,67.9439324800178,68.9877119073352,70.5530002391198,69.1351564609909,69.8243123656267,71.1301040189388,69.0941226467464,68.7033170881899,71.3437229834075,71.1168033794192,70.9545022759845,71.6275810019456,69.8892933547471,69.4148486330271
"70","Waite",40,288.3,59.4,62.8,1.808,43.8,180,29,239319,8252,69.5848305072951,69.1439492840839,72.0649691732472,70.9356585842461,69.6394276054155,69.5058564485117,70.0326511263607,71.1138417849708,71.8026723264883,70.4661742217547,69.5028344497186,70.5484061424382,69.2108456007735,71.8161915314995,70.9300611896013,70.1864287753239,68.7367749251367,68.9767586974074,69.2178681815765,69.4090484231078
"71","Chalmers",31,287.3,61.7,60.6,1.726,57.7,156,22,402380,18290,70.6534606932328,68.7822547984238,70.1469094346527,70.9548857327419,69.3620097804424,70.6776640666271,69.6142599535326,71.0582324622685,70.1841032873531,70.0673594080931,70.3565563634785,69.6678221407677,69.3793744684432,69.9877199050428,70.77717963023,71.5991962943056,70.5819375770551,68.7779873100584,69.9582851508547,71.1811285394846
"72","Boros",40,281.1,66.3,60.3,1.81,42.5,208,24,130783,5449,68.7189683168212,70.410456844097,70.3981772172744,69.4538643785164,69.2433525636118,71.4306707634082,69.0066061455115,71.1975665997564,71.151331753767,71.0254041971545,69.4892924278387,71.1101869204117,69.5811396328563,68.9282933182649,69.8935324557756,70.6141466235212,69.7311511112221,70.9454344233328,72.4879365573561,69.4005599674568
"73","Kuehne",29,314.4,49.9,62.9,1.765,59.3,99,30,816889,27230,70.1016451729188,68.8010105598814,70.1086228461937,69.5066978470939,69.9502679167961,70.2236453262961,69.317964132689,68.8274837925755,70.9609098935754,68.7974335221044,69.9182283136173,69.1538507809262,71.4747075655233,70.1368079456258,68.870712303347,68.061418074946,69.7354729440696,71.2516489935455,70.6040343252265,69.4064804846965
"74","Frazar",33,298.8,64.3,65.2,1.748,51.7,48,25,1446765,57871,70.3169022918937,70.3689288336428,70.5248275869037,70.8351285386828,70.0617215854887,70.4902767421554,71.216222268152,69.6533268217771,69.4874301155298,71.5131786699349,68.3888955537729,70.6587069020449,70.8817009351605,70.7766371026342,71.2287436015858,69.9971187314401,70.6292226466054,69.529055625889,69.8998900271319,70.6568932910529
"75","Slocum",30,280.1,71.3,67.1,1.788,54.3,72,31,1066838,34414,71.5181412210081,69.7806647137092,69.1009160756147,69.4092181107387,71.052015162533,69.1010058201799,69.1942542732829,68.149607906819,70.2968568171929,70.7644631166791,69.3342186551543,71.0232426575453,69.8402421923203,68.324946180477,70.9382867065524,70.9305743406319,70.0128211273917,69.5795658849545,70.3857546626761,71.6712388790272
"76","Tanaka",33,281,72.3,66.1,1.78,41.6,104,27,795206,29452,69.6734586791439,70.5294799648098,68.7122144996399,71.1538542856121,70.6334301171948,71.5170947644009,67.8470368944049,69.3948898934889,70.5825245234791,70.8742125047191,69.9530616467903,69.664429060077,69.2785997082722,68.7940810474987,70.3178107757266,69.8779528194733,69.3102822372424,70.4057674861298,70.4830291054424,70.15304800546
"77","Miyase",33,279.7,70.6,60.4,1.823,43.9,199,27,162120,6004,70.584495973448,69.2399148299651,70.2443948107539,69.7878033598446,68.7506628120979,69.7210584721156,67.8447030007121,69.7648076388015,69.8312825064678,70.2501911369674,71.1645605157772,70.274881717909,68.6668794849094,69.5965139443927,71.7721560965515,69.0407550645606,70.9696485159507,70.5196992372635,71.0056947055558,70.6464227951149
"78","Mahan",22,293,62.2,63.7,1.775,45.8,100,30,813089,27103,69.8624048245751,70.3851700904813,70.707061992713,70.9919510469376,71.0581908142062,68.6293559936658,67.9519657543397,69.3768121772779,69.8243781931239,69.9074817702791,69.746252396664,69.3999177090539,68.4022503857194,70.7779983072909,69.2763403585268,69.9916556856887,70.6191141436012,68.8197989336512,70.8423928217392,69.6980532808962
"79","Henry",29,301.3,64.5,66.6,1.788,41.7,93,30,848823,28294,69.6126101534848,70.5039439206377,70.3827419123037,69.6805301357536,70.5109854408031,70.6257693987089,67.9859362679428,69.1779002914339,70.6419870543588,69.8883581561336,68.7132076777804,69.5350673710872,70.3915277939881,70.2151521362106,69.6442384845437,70.536415289267,70.7244606678577,70.0775210694977,68.0697218770584,70.8000462037173
"80","Lewis",44,288.3,65.5,65.8,1.769,49.1,102,32,807344,25230,68.4757393285996,71.7481752756032,69.4403009995281,70.6644369549194,70.8398437685865,70.5637915936977,71.0459836574288,69.0377045627969,70.9810532324869,70.4415367417225,68.1942664954263,69.1027850725166,70.9287024520399,70.9929645580715,71.6874903252285,70.1005081281633,68.2043072541262,69.7326509182779,70.0328326430294,71.5380993458618
"81","Hayes",39,280.7,67.7,63.6,1.776,46.2,174,27,260816,9660,69.8003378104371,70.4220994235717,69.7617488168736,70.2768262191848,69.7345301479565,71.0771774312289,72.2271971834742,69.3075262095102,69.6009481355727,69.9539694866917,70.2322178963991,70.2899494941394,68.9524748489954,70.1129046311696,68.5868293318163,69.4430900755203,70.8027630052761,70.9142918547161,69.433846234727,69.5938579201094
"82","Bohn",31,293.3,65.8,66.8,1.778,42,131,29,567931,19584,70.5152145882771,69.8934831279381,69.8747200692466,68.989735993293,70.0985131851018,68.6729384855302,68.9748587737872,69.3964432147861,68.6596163345186,70.7766995725617,70.8296766229794,69.7649979953279,70.4904657569119,69.1695147262741,69.6523720869099,69.7716939585957,70.1449399390326,69.9240535238612,71.001989096085,69.7994957705719
"83","Dufner",27,290.7,62.5,65.3,1.79,52.5,164,28,317770,11349,69.8351847564494,72.1956276973113,69.4463144131527,70.1054323847567,71.2832941123238,70.6368327444163,68.8199949483379,71.327263177749,69.6919345034573,69.9379098130816,69.8154261683287,69.816644111877,69.6409776206561,69.8761566276158,70.6265063943683,72.280019105813,70.2752472487599,71.2993214730358,70.7129434439285,70.1126988049128
"84","Delsing",44,288.8,62.1,64.5,1.797,51.3,193,26,190184,7315,68.3335807156652,70.0094893020766,67.6634776975099,70.1639748242739,69.2602470059885,69.8076299478999,69.6567680308844,70.4011976651648,70.4010496242969,68.8094819464252,70.809572514977,69.8247437274115,69.13683767341,70.8064400175674,70.562262471502,69.8235222778667,71.0645171213552,70.0054041354464,71.2278312474563,70.0188299798279
"85","Haas",51,274.5,65.4,66.9,1.758,56.1,27,23,2071626,90071,69.7836335183567,70.4946453721142,69.6107048696344,71.5512746394569,69.1882709963086,68.5472446959447,69.6933531224868,69.8654018805219,70.0979666804978,69.2946343391796,70.9922314786327,71.3225136934293,70.1551046496732,69.4852668846789,68.8674617256506,69.7479548931114,71.0078761291445,69.067589607636,72.0969021514179,69.2170129006603
"86","Williamson",37,288.1,69.3,65.4,1.776,56.3,120,33,660038,20001,70.8055118312463,69.9736994480511,70.0297537361378,69.7511887085526,71.0093863171854,69.5167701824547,71.4427090547335,71.0596289755483,70.2742483434231,70.3519072929004,70.1415144084071,70.1050816899183,70.9424327322052,69.6179437239974,68.2087539339693,70.5093884567857,68.7236038784499,69.4810314424888,71.1414800514685,69.9621791610182
"87","Brehaut",41,290.9,71.3,66.2,1.81,46.4,149,34,448914,13203,70.6303668052947,70.441528820446,71.0634937530648,68.942380084428,68.7903348535227,69.6999344525822,72.2089558191331,69.0160893402656,70.190477265758,71.0276117972042,69.505987225793,69.7513651538576,69.5202253360393,69.7849103710936,69.3938884746068,68.3305024048088,71.9755478214221,70.0302928102936,70.1607330510267,69.7114896533454
"88","Maggert",40,281.2,69.2,67.5,1.789,49.5,43,20,1527883,76394,70.564892677322,71.5413595267086,69.5797967591158,70.5027465562533,67.8681474357599,69.2177678505058,69.5969129063377,69.1489117431785,70.2974763969791,70.0703100437808,69.2587507869531,69.7702474863776,70.4828173645383,71.6701017300829,70.6354043513681,70.145382794372,69.3176305505623,70.6066988958217,70.6220228782792,69.3162476680381
"89","Sluman",47,279.6,67.9,68.8,1.777,45.9,77,28,1007635,35987,70.0863073315707,70.3879153833644,70.1219673725377,73.0213149373911,69.5557041812954,69.7220246127122,70.2334484129376,71.2071128929647,69.2640485211359,69.0624121915859,70.5593676932412,70.5214297816689,69.1399261413184,71.4354949179071,71.0418796870203,70.852652397956,70.7057329346578,70.5824352514853,70.3841634232308,71.1737842680897
"90","Kelly",38,278.1,70.4,68,1.763,52.8,17,29,2496223,86077,71.6378202086634,69.2799045883458,69.6646033331475,70.7544881074386,71.2375517902128,69.0526715865339,70.3029894880579,71.9976532191267,70.9740004204181,69.068463472289,70.822732357598,69.0975189432216,69.8347580970953,70.1647427645159,68.7032937557965,69.3827017579234,70.6403410591152,69.7320379882082,70.3679934759918,69.2129092628773
"91","Parnevik",39,287.9,60,66.1,1.759,51.9,40,24,1550135,64589,70.0749597181297,67.9620324165221,68.4027660105216,68.5258371825081,70.2814373729921,68.2070406473926,68.9531045558973,70.5811937196024,69.8078228151484,69.3625400044277,71.6719781964728,68.3678901460079,70.3285241634353,69.9975426859386,71.2225707929419,69.6338772264141,70.0311264544589,69.3941957074176,69.75149500924,70.9477392244483
"92","Durant",40,287.2,75.1,73.3,1.798,41.7,81,26,952548,36636,70.5751977541941,70.2379141902722,70.7457227649096,70.0644655059966,70.5034413044826,70.7870712751456,71.7528634220069,70.2222528804533,70.6708253798906,70.4363603791974,70.506016583125,69.5460411650983,71.5402866172367,70.0299049221583,70.877992430081,70.2962397130338,71.6828717712949,70.9692590244621,68.7852031626818,70.1422906610789
"93","Ogilvie",30,288.8,61.3,62.5,1.755,47.7,49,32,1443363,45105,71.5694882268518,68.5079323532166,69.1294949567185,68.2155295895009,70.2109081713553,69.3172439822105,68.3296802301216,68.3733917861407,69.6064167036069,71.5631493641088,70.3644415117296,69.0375300391982,68.8417625106724,72.3315933718234,70.0093793248339,69.2946982227145,71.0264463279084,69.1337381173476,70.3076585587734,70.6412739157443
"94","Sindelar",46,291.5,65.6,67.6,1.811,35.1,41,31,1536882,49577,71.1404911250702,70.5980392287875,70.1952850579676,69.8592203375985,70.3851958755085,71.2052807474562,69.2214429477545,70.4015730281956,68.7666192066186,68.7452147999073,70.855572481848,70.1371749742858,70.538235584406,70.1121909676728,68.8358479428564,68.1922454520448,70.0067224763244,67.6701624296401,68.6840872221776,69.2080961218739
"95","Cook",47,270.2,73.4,66.5,1.789,50,189,19,210448,11076,70.4536461555262,69.054887458226,68.7755534476643,70.5874421608077,69.4394763775965,70.1281735712579,71.5317602301453,67.9475508360431,70.8400340783484,70.1356429940659,70.3323448659854,69.5231293399399,69.0821788597103,68.8415488983308,69.7623825821471,68.9108476718223,69.5477568930078,70.9139520682356,68.8522480360378,72.0576428462685
"96","Daly",38,306,53,66.4,1.736,54.8,21,22,2359507,107250,70.9142564332169,69.2861081300584,69.0009993214562,69.496464172331,68.8229090736686,71.3901325040921,71.6621018350273,70.391494449152,68.3495193489109,70.8143776940097,70.7301908422683,70.4542384674771,69.4323242236214,70.6277875595925,71.5190221513352,68.1587195121812,68.671707748851,69.9842133255495,70.5907454749561,69.6780538928749
"97","Huston",43,286.4,65.9,68.8,1.804,55.9,90,20,874280,43714,70.0301181461611,71.5279269330785,69.2427601296095,69.3061879940765,69.1708907009507,71.2377701905627,68.909720391485,70.4702483277532,72.3844819806402,68.7826013861769,69.4788066432806,69.8333592728138,68.908255800201,69.4064055560136,72.2370978903462,70.3175391101192,72.2674271345127,69.4315292418069,70.7327479253788,69.525462167396
"98","Riegger",41,285,61.4,67.1,1.773,38.9,153,17,423263,24898,68.603355596119,69.8433834643747,70.8569800834074,68.3672501660246,71.7120197951457,70.7228609725201,70.4382144959345,70.8705296203128,69.923668933924,67.8867522830274,70.6945252266908,70.5371077968747,68.9917201098169,68.6878710015041,68.5893053433052,71.8500908737367,69.791836604627,69.7590727516588,70.1475860846782,69.0147925457854
"99","Rollins",29,286.7,69.1,62.5,1.764,46.1,109,29,737957,25447,71.4698074660921,71.5472614322193,67.7061073497467,71.1492759244601,69.7613849498169,69.9705852000119,70.2994915219278,71.4040109455713,70.2730620091074,68.4724919037432,70.6465083769637,69.932179858581,69.8440538870923,70.2681666169761,70.0416694905512,71.0469020274607,69.486635640979,70.9997828111564,70.1857781881592,69.2985077233731
"100","Senden",33,296.6,65.6,70.5,1.791,50.6,114,28,698203,24936,72.0556365903996,70.3487190917824,70.1422743040825,70.1528792364647,69.9941463191889,71.1288925192481,69.0990497568276,70.4181476489047,70.0379366218548,69.2953243172193,69.1379791723789,68.5590264266135,70.7528999697409,71.9884549727221,71.2661437217755,68.4498241189347,70.651495851217,70.4184714328679,68.8719734765471,69.1597052122176
"101","Byrd",26,295.8,62.1,61.4,1.76,56,70,27,1133166,41969,71.4577737208867,70.054944769341,70.8512208457593,68.8563014324976,68.4041301445946,69.8292814360623,68.9609230224056,69.6332827957834,70.795785511417,70.4698135575312,67.8693758768572,70.6168084236742,70.1369408105502,70.685223629981,68.8561362983321,69.2727730108312,70.7348991724138,69.9549562740607,70.4467862634769,69.9663016173193
"102","Kaye",34,290.9,64.7,66.5,1.803,42.2,34,25,1695333,67813,71.4532391439409,70.0844705762434,68.5128197035415,68.7685397459857,68.9203277854733,69.8434705050502,69.4662624241944,69.5363360175994,69.5870156202588,69.4030524999869,71.355825120971,70.7800016900535,67.7718973892182,70.3002515700775,70.8966389558937,71.7201952777222,70.5261570937024,70.4846768378391,69.2126465098751,71.0563690635147
"103","Coceres",41,279.4,74.3,63.3,1.754,61.7,106,20,779197,38960,69.2087550327041,67.8862006168257,69.5604285091137,70.3958345237191,70.0558902361374,70.0581568991604,71.0197698808224,69.1790818706767,70.9658421225288,70.0587518636784,70.5272117453341,69.6312703386598,69.1659290741709,68.8136695378546,71.3411290449907,69.4697702970387,70.6886182881168,70.0546557650856,70.4731176837248,70.5738471653781
"104","MariaOlazab",38,277.7,57,62.5,1.745,51.2,142,17,495051,29121,69.4801122709947,68.3505946955274,69.6134665421026,68.7580078893671,70.669257893417,69.2927845968217,69.9576412088266,69.5605944568835,69.5030583098452,69.8741463994801,69.5435325575898,68.0444915127591,69.6923202929353,69.6144724219988,71.0099608031475,69.3171712121964,68.6936845942918,69.4455028198127,71.1629410981891,71.6611353898862
"105","Leonard",32,282.9,67.4,66.1,1.769,54,42,25,1531023,61241,70.2395775456055,69.0579865598869,68.6198056183456,71.0521619486964,71.4597419811432,70.2370427407474,69.8951222144711,71.0352764076286,69.0985736675768,67.8253619180675,69.4520283256753,70.4510020935121,70.7531662251225,70.6246049098214,68.7042405357344,70.2469848004891,69.1080697474953,68.8454594457325,69.9314641183875,71.3410821689397
"106","Rose",24,290.7,61.5,67.7,1.762,49.4,62,22,1236765,56217,68.7569309422007,69.3546459746905,69.2012144732181,68.5020779534432,69.2647852240191,71.2695035197028,72.787271314567,73.0659808199865,70.3154806020378,72.7577429358455,68.5359754358761,70.760811740571,70.3237140934286,71.5641706292269,70.2002691039204,70.1645740305259,70.2064910082763,69.1667393000814,68.0696360844534,70.1493018298425
"107","Choi",34,285,61.2,65.9,1.77,45.8,26,24,2077775,86574,69.9439362677778,70.6781821602519,69.2921557301441,70.4859731394023,69.299360484515,69.4738143596762,70.6965962039498,69.0304936526705,68.3765965952092,69.7621065642961,68.8682425553952,69.8256646177072,70.7059686289952,70.141892582413,69.9441519025118,69.5231599717619,69.8372549933417,69.9900080914499,70.2973652340785,68.8564732719931
"108","Duke",35,284.3,59,61.9,1.785,47.9,166,30,301308,10044,70.3456959710082,69.1206414465885,70.1332023157171,69.8335221866093,69.7111811771237,68.8226300838006,69.4813853247122,68.7792999837862,69.7886816714425,69.9868583774299,71.3769879261527,68.830981814035,70.9204139260944,70.3330601949311,69.4796613438575,71.186851273319,68.6124700567927,71.2068965644785,70.6022619303538,70.2061755011538
"109","Perry",44,295.9,62.5,68.6,1.776,45.8,30,23,1952043,84871,70.585513493077,70.2210106022688,70.3454151587686,69.8229514017156,71.0869047857195,70.854518569438,70.9929716053697,70.1621224584474,70.3552089250779,68.4945990960307,71.1567171838625,69.4456753295071,68.6341095917131,70.1220962314757,69.0691117930006,69.9085381103933,70.9955387641542,69.004014839152,70.2092290246735,69.0762922868176
"110","Jones",37,286.4,69.8,67.4,1.776,46.5,119,32,674910,21091,70.7234376248535,67.5000398552679,70.8851002367758,70.1059405302576,70.2814972249085,69.7646364609014,70.1251075509185,69.9321755447539,68.2262460505116,70.2055307314776,69.8610019870204,69.7340354302212,69.8934235753837,69.1777308953215,70.7855760783666,70.4722826406513,70.6828874236433,70.2512041283159,71.6869593652239,69.6754696638742
"111","Muncrief",28,290.7,56.1,59.1,1.823,47,244,21,21660,1031,68.2144583620951,69.684020289052,69.8489523284954,68.8963591562523,70.6440335328988,71.899055480266,69.5709020296169,69.1867930595423,71.0797965211217,70.0365366316115,69.4204505744952,69.5230685567014,68.543537621048,71.0908356688147,70.3598200812615,68.8144901598489,71.1699854884507,70.8346316008669,70.9992068846275,70.1702582137162
"112","Na",21,280.1,68.7,63.4,1.775,49.7,87,32,901159,28161,70.3183317475176,71.6813519332934,71.0853881420858,70.9739096756281,69.2875220822708,71.1934528176543,69.7897264452951,70.5775282810879,70.061295669408,69.1533925010875,69.2225436004155,68.573920000227,71.0065380557169,71.4443940495255,70.6940542346204,69.5415651712071,68.6996217879883,70.8681335291781,69.7368590864293,70.7883577761297
"113","Sutherland",40,286.1,67.1,63,1.799,53.7,85,27,928759,34398,69.7001754479607,69.8965522228585,70.8232311430482,69.9730696270015,69.8814791006696,69.1606804128654,69.6954540776178,70.6577352792328,70.788926325468,68.3279100113553,69.7884638401759,70.2268439299267,70.3507080748031,70.408049105122,69.8189652376615,68.7038245956279,69.4726005348617,70.8597414471338,68.9784700619723,69.9829854469383
"114","Triplett",42,279.1,72.1,67.7,1.752,49.3,38,24,1566426,65268,70.0858649469318,69.7909062482627,69.3589909347579,70.0163082385154,70.3237156374419,68.6281954513491,70.0535969993552,70.212795649338,71.2414237155108,70.7750239723157,70.0576636400425,69.347396384802,70.6872059553404,69.583664465678,69.5566920180383,69.7454235510704,71.5668142555959,70.5289068582006,69.4166142387544,70.3740190342853
"115","Cox",31,299.1,59,62,1.808,41.9,190,26,205171,7891,72.2427315696216,70.4369266496898,70.7375564073158,69.577420146476,70.0084833051756,69.9304991245565,68.9238431321354,70.5169635006549,69.4177500078271,68.7207197131004,69.5374881906749,69.2942331324326,68.6016729738985,68.9448717381824,72.0280709514821,71.3619773305246,70.186061875651,69.4064846786496,69.4805683745562,70.2236417745628
"116","Janzen",40,286.1,62.2,67.8,1.781,51.5,96,25,837482,33499,68.8118534678314,70.5569079432215,72.2645768942484,69.918689923799,71.7732227219551,70.087949236363,71.9622436962993,69.9843050562092,70.2950710695713,68.9623883589545,69.8604624583836,71.2793886028566,68.9648787776208,68.6857134157096,70.5702870954148,68.2587551532412,71.4439889010881,70.7967756402284,70.4653576571868,69.4326664291701
"117","Mattiace",37,278,67.2,59.1,1.792,60.2,188,25,213707,8548,68.5907582192777,70.6174400597146,69.462255561629,70.4320555073613,69.9937117687085,71.1512238634457,71.0078632339431,72.120347204213,70.9133780440102,70.8027071201109,69.2286675016223,70.5835592373593,71.6570174354132,69.6347901478179,72.4069688663942,70.6320336319415,70.6403219257031,70.2942335016835,68.7484952512765,72.130999829384
"118","Roberts",49,269.1,69.8,66.6,1.738,59.3,78,22,998677,45394,69.8846737363542,69.3623459113984,71.7390200470994,70.6029426868755,71.0097816333685,70.2556036878385,69.0416511376328,70.2382907065291,68.883650658534,70.8712974153614,71.7259464318986,69.2446389075854,70.1087260772956,68.7745243562649,70.0886638086489,68.3902489615647,69.937203918295,67.7574357238414,70.8980923167532,72.0879111987622
"119","Glover",25,303.4,64.4,67.5,1.797,48.4,134,30,557454,18582,67.7727070360848,69.9165886343469,68.9757823892264,69.0551689491332,70.5433955837992,69.546559723594,69.7022814603233,70.2728833726782,71.5031395507921,70.3116890604218,70.7303120277713,69.5206988900863,69.8852424516439,68.5921927973502,68.5409845457633,70.2046918073345,68.6756208960223,69.7183629345871,70.2131006048008,70.3651589873626
"120","Donald",27,279.8,69.6,69.4,1.791,52.2,35,21,1646267,78394,69.8331532588595,69.8087382440562,69.0228838258521,70.6589563552115,70.0495564725946,71.8607846789673,70.044226938589,70.8692839112742,69.7911168245512,69.9055313773201,69.8718277190398,70.6048168085781,70.9578123027574,71.1084881113345,70.4012190482211,70.6426482032814,70.9147384612108,70.4160237300693,69.7606445517632,68.5493947855783
"121","Brooks",43,273.8,66.8,59.8,1.796,43.5,173,31,264076,8519,69.0654792736459,71.9005902720223,70.8267453366603,68.7779782485906,68.2713023103841,69.1079904989299,71.2372771016184,69.7569873168044,72.3413356074603,69.3705144856318,69.5342354328031,69.0927645568683,69.7412454567662,70.4679172384562,69.7633752217039,70.540312776653,68.6355697016203,68.3187022975999,71.37528528339,68.5697158213786
"122","Calcavecchia",44,291.3,64.5,64.1,1.765,52.3,112,24,717876,29912,70.5083760104857,72.8343051641658,69.6797786724684,69.9993418063706,70.610712340807,67.7211277981372,70.0401448721539,70.9455232064165,70.5974660620672,70.0006302557686,71.1227079983537,68.2304328394301,69.2551497277343,69.4613048014422,70.8658783065755,70.7104367194817,68.3796701993849,70.1321385650105,69.6953161264771,69.7894427547397
"123","Hensby",33,284.6,67.7,63.3,1.738,54,15,29,2718765,93751,69.9850390907565,69.57406460065,69.6508019434866,69.8784408264062,68.8439954149087,68.5222781197438,68.8671661488747,68.9784467073698,71.3428633412594,71.3038933226261,70.0021873703231,70.3265380948816,68.9159142756331,70.4998888775667,67.9623993899196,71.531414572304,68.8930781446712,69.3073010972215,69.493398176463,69.2470242010129
"124","O'Meara",47,272.9,67,62.5,1.768,53.7,135,17,543866,31992,69.4914326668695,67.4382213407371,71.2924750471857,70.8401197145349,69.0299349688739,70.8231343390914,68.7363190500083,70.2229510188543,71.2125791503655,71.1829254625544,68.4135738227899,70.4102430796948,70.4548337543783,70.9429137614002,71.3392457505686,70.1237865011749,70.2885864295735,70.2869587896694,69.5637140163393,70.5047987004781
"125","Wilson",30,282.1,72,68.9,1.788,48.1,167,19,300317,15806,69.8799694126463,68.1792584916668,68.8866765670041,69.0275548446695,68.7164341876793,70.1323416406431,68.3415556630511,70.6842185746559,70.2983643390933,69.6774571247782,70.5120895653097,69.198242381471,70.2257654295523,68.919195896355,69.5578866515003,70.4844871397582,69.3362164945874,69.9615258776957,70.9507904816373,68.9091438286136
"126","Gronberg",34,292.1,58.5,63.2,1.811,43.9,132,32,565013,17657,70.1530476895832,71.6450258467171,69.9773519529148,69.7374355437219,70.3486647022879,70.9648378429669,68.2102902120346,69.1896290951657,69.8002798928153,69.2266793634251,69.7150523714642,70.4179661073727,70.8646673351703,70.6053728206823,71.1350773109601,69.0000218370468,69.853103079801,69.5278729024555,69.9756530745237,68.7047242961409
"127","Gogel",33,285.6,68.5,63.2,1.749,53.3,98,25,817117,32685,69.7460878017138,69.2525820494235,71.4353956455567,69.0959754138048,69.3927321493366,70.5129807156563,70.6240434086129,69.0483765071852,69.240706101387,70.6300888693893,71.3415907422998,70.1262590035805,68.8865070696212,70.3339278190897,70.9855743547964,68.792054512564,69.9002879767801,70.1128407963599,69.9270576233557,70.7272643619095
"128","Kuchar",26,287.3,64.4,65.3,1.795,46.6,139,28,509258,18188,69.1861375399561,70.2542947818239,69.1401168453524,71.0186580093309,70.4812612199956,69.6684003742537,69.1975479756278,70.2150951243934,69.4739196520394,71.8790367216643,68.6615436490088,69.3905869552993,68.9635760233416,71.8066872480862,70.751129013488,67.776780636781,69.2530096579711,69.245501110542,70.2365568253886,69.7715201887738
"129","Allen",45,291.1,56.5,64.2,1.763,48.9,88,28,882872,31531,70.2559144333647,69.804120462144,69.2170219143208,69.1909460526307,71.1024201061664,70.3655283114541,69.6354936244822,70.7837758629376,72.5552730480711,70.7034090115852,68.9014790225855,69.6297391541674,70.2757487317828,69.8699659167632,69.4909619192862,68.6447615908883,69.9109221157069,67.743325912754,70.5991433991052,69.1966513977007
"130","Heinen",37,305.2,62.7,62.8,1.79,31.8,195,17,166185,9776,69.8792744731438,69.8186070403272,69.1464616866905,69.3928614191818,70.5284874338803,69.6246663689699,70.2092308068307,70.0835462623656,70.0030385668424,69.6796979303252,70.1340778924482,70.1334777643613,70.2337409067533,69.4713729449952,70.0357439098289,68.5973486563509,68.3133781823132,69.5752492176032,69.4109868108492,69.7845998282527
"131","Weir",34,282.1,64.1,65.1,1.749,53.7,14,22,2761537,125524,70.5834263038365,71.1133178157056,69.7671171457251,70.344617137801,70.0453791574551,69.9543693669745,68.403337028333,71.1250046600696,69.8382893925915,71.7746856592226,70.7180401147659,68.3370983685341,70.5126984609141,70.1642381615304,71.051324804443,69.2697952825654,69.7265986474309,69.5057502319808,69.3897147725835,70.593946508126
"132","Lancaster",42,291.6,57.6,65.2,1.781,52.4,113,33,701240,21250,71.5319608992308,71.0069686557457,70.9637160625992,69.1771602221158,70.4127242799206,70.0701138123681,70.4706037814446,70.4638126274244,69.167420040561,68.2521809745801,69.0830918291774,69.2399894993094,69.6828147619137,70.8983484367608,70.1471817300884,71.0199435399576,70.1606559490903,69.9616677180361,68.71635140883,69.154029825537
"133","Price",47,272.8,68.3,59.1,1.746,58.7,103,15,796086,53072,69.8833319446261,69.7803228130772,69.6203553095925,69.8050545919631,71.2594954104985,70.5510046281882,70.3994043999736,70.3547701858976,68.586292627596,70.1078952434533,69.6805182428212,71.2427357455674,69.7956368896275,70.6313872754055,71.9010627179782,70.1071684492681,69.2723207811559,71.1864261566331,69.6957430537807,71.8555064964343
"134","Fasth",32,289.1,61.6,61.5,1.806,40.7,172,22,265424,12065,70.210682368605,70.1060857685142,71.3820861226164,69.8471265013036,69.3121187182017,71.324230210815,66.9506320894494,70.9640824951627,70.8473809895587,70.3492458967399,70.3412077469065,70.8976335788893,68.8634564435547,69.3083420945823,71.0773598688545,69.2097163776056,69.2711868559562,69.4216348937695,69.2218896195051,70.4854385165815
"135","Begay",32,285.8,69.5,66.2,1.771,44.2,129,23,583537,25371,69.6573328325408,69.2003447214093,69.9936555713902,70.8005677861645,70.2000529552313,70.6661749483572,70.029687342675,70.5129113224769,69.2560826440522,68.6963152402914,70.5642933772306,68.4468706729386,69.7432379366536,68.8294059922903,70.0688922769443,70.2892047390905,71.4960428330772,69.831112679954,69.5394459675349,68.2157778307314
"136","Browne",45,281.9,73.5,68.9,1.775,47.8,127,30,597034,19901,70.0570825305913,69.1228227126464,70.8749998596981,72.5811393076114,69.8781323290002,69.7560803549199,68.8271412168793,71.0786508534827,72.2946185003596,71.6069701971753,72.0800523898165,69.9358785285036,69.2577088519674,70.9974383207039,69.5315885921134,69.7238176342498,69.8949954901923,68.2824348011997,72.9303660428445,71.2769196338487
"137","Uresti",36,272.2,73.1,62.6,1.813,56.8,163,28,345798,12350,70.0967423642607,70.6579128168392,70.3620740383624,70.9044124388748,68.2058264632371,69.5749332122861,68.7834873766766,66.9719470058594,70.5248804076443,70.5978716738185,70.0822324942977,69.9512743787201,70.4026568218763,70.5042959959772,70.751849661412,69.9992486563567,71.862358117936,70.4106816978341,69.4281924666814,70.2913512415412
"138","Bates",35,275.5,69.9,66.3,1.803,45,168,32,299385,9356,69.8868136684527,69.5258848017741,70.9525701550122,69.9770806327853,68.4363034232412,69.8768691942869,70.8671572706968,68.5825527836805,71.9241627513827,69.0398494083027,68.5437717970717,67.9028694890109,70.3351250822579,69.4498801396807,70.5223677160797,70.5945976385138,69.9041880779381,70.1166521312985,69.3112803040518,71.518448008972
"139","Perez",28,291.4,65,66.2,1.78,51.1,111,32,723724,22616,72.4622030411712,71.2509496251914,70.1341327587273,70.0774403718899,69.5441884549932,69.6002240995573,71.5934987734173,70.67907357214,71.8406229556513,69.5464667259305,69.7205927984791,69.8096550334176,69.3709570761656,69.2207599568973,68.0792175859957,69.2300016869949,69.7443725299909,69.8618312893492,69.2452664827193,69.9133772877456
"140","Sheehan",35,290.3,63,64.9,1.759,43,63,33,1234345,37404,71.6554596975409,69.8591510255649,69.6310225881538,69.3766810087287,69.6394686030025,69.9807657060769,70.0397324390773,70.245570072082,68.4543942805165,69.6650341040794,69.8637862953243,70.1275470641265,72.4181039395786,69.9277212433637,70.4911684198367,69.3386994892916,69.5981306982349,69.3418033101837,68.2207225909161,66.8163713049728
"141","Azinger",44,285.1,57.6,63,1.745,51.7,126,23,601438,26149,69.8330675166386,70.1794026081808,68.5032204890995,70.1835686594675,69.8007442468422,70.5675778520815,70.8326954521058,70.0268067502086,69.6822146682905,69.6308319077186,68.4274457636077,69.2260470868765,69.4143601893525,71.2629815651454,69.3224640940484,70.4236244352529,69.5341265943853,70.5733623654967,70.0204203106545,71.4068821514705
"142","Lonard",37,291.4,61.5,62.9,1.819,47.1,118,23,675189,29356,70.5179897053126,69.9811625346576,70.6772645266029,69.9474116977307,70.3092535904339,68.7840768361812,69.8662870210421,67.1949976366427,70.6394523234514,70.2293608341878,67.1365334747327,68.9002809290492,69.0453471247063,70.2259803200366,70.1689780828297,70.3365698801873,71.8600323257165,70.6609205289748,70.1417939169257,70.1600566892941
"143","Mickelson",34,295.4,62.9,69.5,1.759,56.4,3,22,5784823,262947,69.8863456925971,69.7906506004452,69.3367213148352,67.9146350484632,68.9029457512559,70.2915894911668,70.2455772273098,70.8321380952745,69.4514660704505,71.2572029177479,68.1927866488636,70.1193832064592,69.3529725979022,69.7536560103374,71.2492898445523,68.3042795240251,68.2235003208931,69.6256299947999,69.0567973283789,70.8161588540422
"144","Goosen",35,294.2,62.5,68.7,1.743,54.6,6,16,3885573,242848,69.5991630013858,69.6653625996426,71.6789022271521,71.1325138882,70.3865977962036,70.1878930243925,69.9787863334197,70.328937929225,70.1566556939929,70.4652499252327,70.6859096003441,68.9485883881485,69.6791954258072,69.6145999313778,69.1217233209419,71.1746468209842,70.4814624256404,69.2513680407869,69.498918554638,70.5816933820621
"145","Barcelo",29,293.1,59,64.4,1.797,35.3,186,26,223597,8600,69.6666796870646,69.1742622341704,70.4398883549394,70.8689372432257,71.1492601853154,70.5317857323833,68.8366452901167,70.2662732511438,70.494569157956,70.1424458951474,70.1166234636832,70.5084053150953,69.2086639241246,69.8547582721455,69.3613507733135,70.3508959901662,68.6521676012129,69.735137436784,70.1176624868028,67.7957494714048
"146","Beem",34,296.7,61.7,63.7,1.814,56.4,183,28,230499,8232,69.7032951955446,69.5343306186667,68.8209139059931,72.3908325860107,69.592707728452,71.0659956676194,69.8065772114528,70.1888293026368,71.1905236948926,70.4158941576615,70.9600297403906,70.3447584691783,70.3447748915143,69.6899705161708,69.2927287851594,70.2473847474191,67.7684183007896,69.5379790345608,69.0568355411152,69.978514214523
"147","Johnson",28,283.4,69.3,64.5,1.758,50.8,148,32,461184,14412,69.2791905449373,70.5374939934175,69.3099795974443,71.7024931215912,69.8662238779428,69.7683338101791,70.4515525879912,71.8893618834807,69.234487607347,69.1232184535045,68.7922512214637,69.0114321875832,69.5655698774695,71.5842450952084,71.9888161840004,70.8957841093148,69.9720891526293,70.2598903733829,70.5231313908336,68.8782947334139
"148","Allenby",33,294.9,65,70.3,1.798,46.5,44,26,1513537,58213,70.4081491625809,69.1918357145821,70.7525521774649,69.4869392255826,71.6674854902185,69.4139977244536,69.4354954218868,69.7849523302933,69.0473852517379,69.9017420394375,68.9725464907697,71.0188456964702,70.8694404334417,70.6894810460328,69.5218059842786,68.9003302148384,71.3091946815588,70.0569592199923,69.1851227209174,69.8530678648406
"149","Damron",32,277.2,70,63.8,1.792,49.4,84,28,933389,33335,68.5499427161936,70.8333185664238,70.2325612662993,68.0394043067448,69.8300155807682,69.8256879665587,68.63710285787,71.3457365186368,69.3682011355494,71.8783416354897,69.8841648564402,69.782785534016,70.5692963866337,69.3605972015073,69.4719597030115,69.0931849354784,70.7302708138927,68.9143018415462,70.3241203053358,69.5005337236846
"150","Gamez",36,288.1,65.2,65.7,1.767,48.3,110,31,725369,23399,70.2611327064528,69.7099222537704,70.1821700494309,69.1791875355526,70.3503387259773,69.6853608112432,68.7163865016625,70.0213941694143,69.2122203609642,70.9265552757263,69.5747343268143,71.0269392880008,71.2054810974494,69.0506367318742,68.5004678521422,71.6763900210432,71.020999600829,69.9691195907628,70.1723396588622,69.1374681625832
"151","Mediate",41,283.4,69.9,65.5,1.8,45,176,19,257692,13563,69.6037048924904,68.9288726670543,67.9913768742845,68.8637410648913,70.2179452137444,69.1812943212521,70.2163182005595,70.5528878005914,69.6362604122195,69.5983048490103,69.4931773612979,70.1646588394595,69.6347387939199,72.3523199717954,71.1688815850642,70.4837466088745,70.0948701691315,69.2931625654611,69.5718070796362,69.2581598454478
"152","Pampling",35,292.1,59.8,66.1,1.763,58.9,31,26,1737725,66836,70.8276460815626,71.3630696024778,69.4888603435545,69.5552453209837,71.3077398144882,70.5828692590189,70.0294842670493,68.0150967315992,69.4174060165321,70.4451578977515,70.9609068626448,68.0426857809825,70.4478537554267,71.1818142301372,68.7729520907891,71.4911270098791,67.1752645801615,67.8508288243826,69.0552296393632,70.5144708027454
"153","Tambellini",29,297.8,59.2,63.2,1.796,49.3,181,28,234164,8363,68.9198520714334,71.2269842016167,69.9717085519743,72.1817389181736,72.6715233914121,69.6492553988823,69.7457952285747,67.4745122863356,70.6727163187477,71.1135517926695,70.3153741502418,70.1827312755361,70.451647015183,72.2350684382421,69.4593107855763,72.6786554869287,69.9345455927863,69.2333840458809,69.6947707799956,68.718179353662
"154","Thatcher",27,293.1,64.8,68,1.811,42.3,177,23,247987,10782,69.7696439905808,71.3283875230008,69.3350018367218,73.1537157036828,70.0049517389647,68.6146504325721,70.2898660394693,68.9581275228144,69.2941304866057,69.573855537132,70.1543408202439,69.5822536536768,70.0359422725969,69.0993299936806,71.7743631039603,72.091804219696,68.7086290715426,69.0364193830906,72.0005600027344,69.9440186306647
"155","Sabbatini",28,292.2,59.2,64.9,1.792,48.9,16,26,2500397,96169,70.0345859513931,69.631975348093,69.4399915854127,69.604478907647,68.8518866573447,70.5670938167841,69.494915195027,70.0778599518385,69.3820165085324,70.0125299620117,70.2763228553583,72.2038180769008,70.2866000181343,71.2576745195598,69.6973171100609,69.6338860888075,71.3415387097666,70.103594154454,68.3287633757832,69.5088185944654
"156","Cochran",46,280.3,65.4,63.6,1.791,45.7,194,25,185108,7404,70.4599690465866,70.2275900967418,71.0812361665565,69.7444151059216,70.533248646659,69.5759378621716,70.4082783361175,69.9180190407321,71.1860620143166,69.9467473943449,68.3776249506306,71.5338868181131,70.3075688063392,69.9115500497278,69.7311534960648,68.9544406067855,70.3311629807556,67.8943979634849,70.852195802489,71.628408220018
"157","Palmer",28,295.6,63.2,65.5,1.768,51.3,37,33,1592344,48253,68.7829573637659,69.0669070345028,69.8057342807424,70.8584255148736,71.3499777796382,70.3460180221708,70.9977287350658,69.4112998464191,70.121630801738,68.5276779861959,69.4903161463386,69.1945429523775,69.9012919606582,69.9719782701066,69.7176256022704,71.6041495886876,72.1162738743807,71.788114184701,69.2909044958954,69.8331137426529
"158","Hend",31,312.6,54.1,62.7,1.806,49,136,29,531263,18319,69.6831347297861,71.3256021642995,70.4619142727845,69.8578915584268,69.8543031866463,68.8134320184508,70.181747775065,71.0340883286861,69.9674414278663,70.4312611500266,68.985568130971,70.8557174254213,70.2791790054223,68.1230083594098,70.2392143242105,70.7199913175729,69.9707789458794,70.0986149359167,69.3418926376938,71.113112992125
"159","Hoch",49,280.4,68.8,68.6,1.786,50,60,17,1239360,72904,69.2522118477861,70.2099834540636,72.8852498826737,70.0965677322409,68.7709609933601,68.5571920194452,70.4189541239188,69.9343855205053,70.8058403457654,70.4040432272376,70.4316656641176,70.0800888599732,69.7042511905286,69.2706341308713,71.6653952075755,69.3637714264154,70.4131282476597,68.5614230088398,70.83949369797,70.6599829371806
"160","McCarron",39,294.1,64.9,65.4,1.772,49.7,105,27,790720,29286,69.221129098579,71.0387500976619,70.8079226303633,69.0513944387747,69.2017487211994,69.5985171011746,68.8774380201476,70.0434516464946,70.8118387908386,69.1979500105315,70.3557939429348,70.6687099932375,70.3726056069092,69.4023427046192,69.9561885507128,71.5313104514237,69.7727269002927,71.8056141952224,69.0040217275671,71.5595184278473
"161","Simpson",49,278.7,70.7,62,1.8,51.2,192,18,190986,10610,70.7737628745757,70.8945822300014,70.1180457910316,68.9090292905434,70.7735048126395,70.0750797959717,71.9493064649998,71.0110518806671,69.4368883230014,68.181383795086,70.1242238733677,68.6794115353078,69.1306899468045,70.200818330027,69.0994759117661,69.2560089013813,69.5481733841874,71.0665341081075,70.0318160054048,69.8696534110636
"162","Verplank",40,278,77.1,68.5,1.743,47.1,20,24,2365594,98566,71.6007102288377,69.2554007575834,70.20044965125,70.2700425752065,70.3038466239139,71.6855989974058,69.0245547154595,70.5705757887502,69.7138385596162,69.2176635325071,70.8466034305405,70.5154246708148,69.4211585906719,70.7101691425055,69.9201579393304,70.7211625964267,69.7735704245434,69.5603809394444,71.7045336228975,71.5847059004546
"163","Garcia",24,295.1,58.5,70.8,1.79,48.1,9,18,3239216,179956,69.3622738491454,71.319933315447,71.5313355052429,69.5844728428706,66.7740264498864,69.0308577808317,69.7150523920705,68.4126804589084,70.431328745878,69.8114878875324,71.0309765299975,70.4354113717874,68.917628117875,69.0979907264817,69.7864514823149,68.3354341959187,71.6739340180008,68.0444643170867,70.5409804114453,71.0764590674215
"164","Micheel",35,287.5,63.1,67,1.793,47.2,82,27,949919,35182,68.8922416673953,69.5868623198528,68.6719231603586,69.6218404466326,68.6666529726375,69.8072618875278,70.6535570904075,69.6205571373969,69.4136585130971,67.9887735132476,69.8838356131401,69.7618847969937,68.0517285936295,70.3526071607481,71.4865808156049,69.5693630634914,68.3608192480196,69.2675918769696,72.3232989776472,68.5907410073665
"165","Maruyama",35,280.1,63.7,64.6,1.746,49.4,23,26,2301693,88527,69.3737083469595,71.4211451319557,70.2524868499283,68.5968247226276,68.8345727231362,69.6526528502783,70.2971637375969,70.9616975406017,70.5286769242873,70.1999709934106,71.5618657913684,71.3653140740416,72.2690320594977,68.5179498690792,70.3552157100462,68.6556656635022,69.2855647327052,70.5925048577874,68.8393685261041,67.8455692205467
"166","Kendall",40,281.3,68.2,62.7,1.767,48.3,64,29,1206440,41601,70.856431352511,69.3273102989913,69.7091910039033,69.9165267456303,71.1524006174477,71.4921915156361,70.7747286374059,68.6098372983177,70.2280585939407,71.3537016740404,69.7727385715187,69.0193019119693,68.4673776357218,69.4235107246439,71.4482585115835,70.3952577783754,71.58704432082,70.3950467321744,70.9931440399236,71.2148152551892
"167","McRoy",36,281.5,67.1,64.9,1.81,45.8,159,33,374187,11339,71.4027943800298,71.0401199147768,70.394011913584,69.777390964125,70.4296610863808,70.1354641475771,68.2860649265654,68.9943047829392,70.3103100035307,69.4460124620821,68.72489004224,71.0654596588185,70.9534570803379,70.1562847958637,68.3334600168417,68.7848415698826,69.4856675255947,68.0815205962045,69.4249080946978,71.1753779227792
"168","Ames",40,287.9,65,68.4,1.755,54.5,8,27,3303207,122341,68.4747905125607,69.4139919594173,70.5251475751639,70.6030333385121,70.246542901163,70.5434834121556,68.2656746387454,70.3759596917617,70.8794967153024,70.4485678332496,70.2106007808905,71.9801783076474,70.0413359366042,68.9893699647774,69.961423465488,67.9519408370898,69.3996018403574,69.943324664926,70.7163633900809,69.0889233423514
"169","Leaney",35,282.3,64.8,64.8,1.805,55.3,68,24,1166560,48607,71.1035637359704,70.1992950835215,69.0663221661727,70.750219184868,70.6355339332519,71.1443083710411,69.540657818486,72.2426868340477,69.6885910719564,70.3794730962587,71.9232875272024,69.6192085401511,70.0065636180224,72.0028731701573,71.6179797263987,71.1272260558666,69.1825478079662,70.1044560423755,68.5419711160105,67.7883721247183
"170","Allan",31,301.2,59.3,66.8,1.795,48.9,121,33,648480,19651,69.8185000550966,69.423366944543,69.2832394449643,71.4779840219931,70.3071718190443,70.0424808348769,70.7844452382096,69.5037948817534,70.3432851607286,69.2517727683337,69.7557256872911,69.7998371703674,68.2686775183682,69.3613904296139,68.4790245156093,71.0250908062305,68.2413090595746,66.75705744665,69.7006201017835,70.1481693021157
"171","Elkington",42,287.1,68.2,66.1,1.796,49,179,20,243239,12162,69.420130887809,69.9969669201141,70.1057858393553,68.949514711055,69.164943140053,70.8596411443373,72.0929849358048,71.2183689533325,69.3449629477645,67.743253904094,69.0553844573728,70.2792650587354,69.5381636570649,69.5185305487153,67.8804352866679,69.6813376572269,69.96828807599,70.627644416192,71.3155256610422,69.4865841010615
"172","Flesch",37,279.9,65.8,65.8,1.763,49,18,31,2461789,79413,69.3447412585243,68.937167285422,68.6586188455563,69.1176455834056,69.3732778911454,68.5389644259511,68.7961901370163,71.8270159691654,68.210320760043,70.2510770068974,69.5018931090777,70.8447123270172,71.1534999233509,71.0497712294108,69.621857227164,70.5256413139078,70.5710554737771,70.2617799550554,70.3492534044124,69.4520582297986
"173","Lowery",44,288.8,58.3,63.9,1.769,43.8,66,28,1191245,42544,71.0267103152092,69.1017449684994,70.7529659259109,70.0724358521873,68.5674400832086,69.881557269602,69.6811740484796,69.8825964201656,69.0071738906185,69.0827677077783,69.5479500012438,70.5332366881644,71.1679652262006,70.5950094395062,70.604744173011,71.0230671327658,68.2783753385953,68.2434718069868,70.9625577603769,71.6203152151969
"174","Pate",43,283.5,64.8,65.1,1.797,48.5,191,24,199569,8315,67.6190048589914,71.4133360490881,69.3837675774733,69.6020266736658,69.9236981155498,70.4141829401011,70.1545338133802,69.0470572935593,68.7316379128785,68.9007786503547,70.7459625011848,71.015765653577,70.6057455014377,68.2999523262862,71.1147729390448,69.0315107774718,69.9606855935394,69.7181208534684,70.5421139793467,71.1413884439935
"175","Stricker",37,281.8,52.7,59.3,1.745,48.8,151,27,440906,16330,71.1336828299741,68.9932811233564,69.8575379254248,70.2188398849474,69.3848662152432,70.1984869935409,71.8488418279546,69.6667076828949,68.910009912604,70.3939255166554,69.435135247933,69.7976744344359,67.9691962326699,68.7120771501532,69.5097840088985,71.2176148737789,70.9579675789919,70.4276314441261,69.802773770483,70.817147333148
"176","Cink",31,290.5,58.7,66.4,1.723,56.1,5,28,4450272,158938,70.5690190375131,71.4860165973911,70.0608153902813,71.7397549310733,69.4331393351395,70.1567349624927,70.4781926442168,69.6560104404546,71.6826619803553,70.3396415812155,69.6502573053671,69.4379832536443,69.787667826226,70.9475645573675,71.6105159626207,71.0162318662897,70.8402884345397,69.0012761841718,71.9912708535362,69.5539685846349
"177","Appleby",33,293.2,62.5,65.1,1.764,51.4,13,25,2949234,117969,69.5580269474425,69.7330368281045,68.9283071692986,69.9607611356233,70.4955877357394,71.6678295805671,69.6063285141861,69.6537842745311,72.1525344306238,69.7617149981165,70.1879590878972,70.4652530586203,69.6169353079066,68.9802985316507,70.1555736657414,69.9633649551023,68.3094253086573,70.1560310304383,69.5306999036972,70.0352443102542
"178","Ridings",30,301,56.4,64.2,1.751,49.4,125,18,623262,34626,70.4388256387919,68.290306751802,68.0310167129092,69.5030452495624,71.7213208784813,69.624064307437,70.611478516925,70.3507783045343,69.0410755058167,69.8302764982173,69.6649260804715,70.1637416905117,70.6548818535691,68.9849022515546,70.7477267429663,70.6491622706121,70.4352531858593,69.9823929323413,70.0751201273433,71.0654920452158
"179","Purdy",31,289.2,70.1,67.4,1.769,46.6,36,35,1636876,46768,68.7442597359308,68.7540687905843,70.2051974768675,71.1698477713143,71.8289244579264,70.1958412955216,69.2621984203627,70.4557182952309,68.1566441478973,69.2180526632358,71.087633906052,70.2540793651697,70.3762132928896,70.6506966836376,70.5001017631773,68.8037979733585,68.8427562397436,70.6713476723404,71.3131219873365,69.7360567182828
"180","Woods",28,301.9,56.1,66.9,1.724,53.5,4,19,5365472,282393,68.7229910274712,70.2381058113795,69.2865563303468,70.1787609237347,70.8783500249874,70.4702231784988,69.8208882595888,69.7390966703287,71.7511241714036,68.8439321301675,68.468556634874,69.6092595331631,70.1685025572683,71.6773641236934,69.0873283019992,68.8752099228807,69.2447555297103,71.6399772576352,71.5229170390893,70.0686361139507
"181","Clark",28,278.8,72,65.8,1.764,53.3,71,26,1108190,42623,71.1506466365127,69.6815147054322,70.4883685929433,69.4938738091858,69.967121989999,69.9072010411963,69.0170574556788,70.4877608242383,69.5616666068517,70.0377947574522,69.1749968928389,67.8843203824941,70.1014764706859,71.105244052936,68.4580970890474,69.6418403626823,71.0308905086224,69.008139802773,71.5435715585331,68.3521104460206
"182","Herron",34,293.8,58,65.1,1.787,47.8,32,26,1727577,66445,70.6781839513444,67.9253168427468,71.3352154443752,70.1135714938577,70.3169193204747,67.5896948144905,70.7909002404573,68.3498758483077,70.1989173092478,71.122122923231,69.9237099461645,69.2835676333931,69.5536570128088,69.6685169282423,70.3197804748526,68.6205210966176,70.0975951864008,72.3738515132961,70.3637316078475,69.0316858351313
"183","Petrovic",38,287.2,63.6,63.4,1.776,49.2,65,32,1193355,37292,70.1752877238786,68.85537645909,71.0298390761353,70.1097523771397,71.0190490047497,69.0562912092938,69.6756022869013,68.6916988277929,70.3828172120117,69.7931370678048,71.1624692975633,71.5448712112673,70.1749644648344,69.8518443448257,69.3110423647724,70.702308973578,69.6955228949085,69.0320058329204,69.6228752816392,70.3341518424784
"184","Fischer",35,280.1,61.7,63.9,1.769,46.7,94,33,847996,25697,69.5589428881858,70.6372694117631,68.8972533540655,69.7851050553853,72.4047630868467,70.4550956885304,71.6689482619452,70.1650703034347,69.9835808752285,69.6694354658354,69.9961861939456,71.3054112233296,70.2241597482009,70.2329808538187,70.2180610651219,71.6751033810184,69.4252494260304,71.587944460176,70.3023254818905,70.837415287708
"185","Hamilton",39,283.5,58.7,62.7,1.774,44.6,11,27,3063780,113473,69.7236568761635,71.0303848113557,69.0645496121218,68.2238773519739,69.0317280845283,67.646543852773,69.0886225698845,68.5146928539268,69.9508810183682,71.6016149728247,71.4646102360633,70.8104572656452,71.3237825794692,69.703237299136,70.929702292758,70.9295726419389,70.2368795710342,68.1198177418133,71.521853560649,69.6413801035448
"186","Byrum",44,272.6,74.7,63.7,1.776,52.5,91,25,873140,34926,70.7724541400978,69.9033914353262,70.4189170713653,68.1009300098452,70.5964294465798,69.1092202404701,71.2795301914417,71.2615054672489,69.5214070496173,71.7815798561857,71.1187775461966,69.7072521737085,71.8592115384844,69.0926561016898,68.5132402572076,71.6533006517011,70.9946061288383,69.9687044543804,69.9888443663088,70.8830649937222
"187","Carter",36,296.5,55.1,62.9,1.79,42.7,158,35,395782,11308,71.9878775526449,68.743833172073,70.8184227220882,69.5036669549216,70.4630124775445,70.6290833419539,69.128545857053,69.8042143537083,69.6415447430015,70.3211158014679,68.4703018846048,68.9196263790619,70.4321092902175,70.8276090810419,71.250257603235,69.1918812524371,71.2309868967607,69.9781529723364,67.9431297542328,69.1445978820242
"188","Lehman",45,287.2,69.7,71.4,1.778,44,53,19,1343278,70699,68.4236904789199,69.2784784641313,70.6174580059186,68.033979918344,70.6850370088581,68.6724375804099,70.5123029136993,70.1612794089197,67.2554523448813,70.1062254413924,71.3199760127806,70.4160795070768,70.591110725762,69.1031040423566,67.7579894006758,70.0414333784279,70.4109697895603,69.3621623998396,69.197884595687,71.445219988691
"189","Pernice",45,286,68.2,66.8,1.778,55.4,47,31,1475273,47589,70.4372634690984,68.3025190412023,69.7406435801483,68.2699090381994,70.3412952634261,70.2174515751139,68.5996473147188,70.138026856699,70.9838432225079,70.6397059119765,68.6084579994752,70.6853756363761,71.6798265605951,69.0361215269763,69.3824730207783,69.7592316226281,70.2462607774266,71.952249431968,72.693848123386,68.3343115384193
"190","Armour",45,290.5,62.4,64.3,1.807,43.6,95,28,844636,30166,69.878270122975,71.301376336056,69.3614106643532,70.11131263048,68.7128192602288,71.4889288705763,68.9927884049351,69.7559802816082,68.6587563146674,69.2986529776284,69.361589752738,69.9466414124178,68.7192987202183,71.3273802054585,69.8206885324711,70.2342849589163,69.0983200724139,71.3152816377888,69.537975268978,69.3828244808699
"191","Tolles",38,287.8,54,61.9,1.776,43.5,201,25,151852,6074,70.1285834678291,69.6001819605071,70.7392285095192,69.9564454648875,70.426637599614,69.5218713986247,70.5106192678536,70.1822938391523,72.1171055579488,69.70708692275,70.5072773824243,71.3687229184542,69.8387382070912,71.2057071397033,71.221067816061,70.0020569243449,69.6645620939122,69.4906493216021,69.3492692723072,68.1518069972669
"192","Isenhour",36,286.2,61.7,62.1,1.795,43.8,218,22,90699,4123,68.224883876063,69.1757228253149,68.6361769243438,70.5793592213762,68.147919287191,69.0873004213409,69.7379888095388,67.5295115855901,72.342838378562,68.8745400381789,69.2267950093326,70.398089565739,70.3484707283787,69.8954897512635,70.5171841366789,69.9869430328191,69.2632395746713,67.8176403460366,69.0442400911673,69.369863808232
"193","Taylor",28,292.5,65.1,68.4,1.761,41.9,67,27,1176435,43572,69.4160620109383,70.6493348331983,69.7913141226872,70.2062285283988,70.5572558954297,69.1510299921219,67.9968166373532,68.3180790461954,68.7158093056482,70.0124595216554,69.5631314203395,70.9962257248075,69.0910206747171,70.0606074038599,70.0448981457863,69.6323693789484,70.189339106445,68.9800512881692,69.958142830489,68.2704098439442
"194","Singh",41,300.8,60.4,73,1.757,50.9,1,29,10905167,376040,69.3415457167493,70.090551275912,69.2773358249984,72.2443233772484,68.8764811342926,69.3341079668564,71.0398054866952,69.6487040255407,70.1992223655433,68.7841019198733,70.8395942248321,70.94799203808,70.9010605050174,70.2674205901126,70.6905449178241,69.570667753866,71.0026387202601,68.3806074681076,70.4402512038312,68.7170957785953
"195","Austin",40,291.3,63.3,68.1,1.775,46.9,45,29,1495982,51586,71.9586747707245,68.8253851981348,67.9932579297528,71.251036103854,69.3927301612471,69.8918369529151,70.5647206167755,71.3378983716959,70.316703710678,70.0961979670633,69.2124307332677,70.9530055793333,69.2374674404136,68.9886903083989,69.2820894979006,72.5040455599927,68.8360953493687,70.2780393386176,68.2823875083771,69.1941339001143
"196","Johnson",28,285.6,71.9,67.9,1.751,45.3,19,30,2417685,80590,67.6564136683321,70.184861756077,70.2786369079179,70.4600520778268,69.5942853921814,70.4392118740109,70.2094742313597,69.5165185554158,71.0689327577826,70.3315974627884,70.3473092254116,68.6610716131621,69.855262541611,71.5730361778468,71.1342464737539,71.0982321730279,70.8915815263974,68.9866438030907,70.0285663069107,69.6315817565369
