Educ,Income2005
<12,14000
<12,14000
<12,15000
<12,1600
<12,9000
<12,20000
<12,35000
<12,19000
<12,25000
<12,37000
<12,23000
<12,50000
<12,69000
<12,25000
<12,500
<12,18000
<12,8400
<12,9800
<12,20000
<12,57500
<12,25000
<12,23000
<12,12000
<12,35000
<12,1300
<12,24000
<12,53000
<12,31000
<12,2300
<12,35000
<12,37000
<12,19000
<12,31980
<12,10000
<12,25000
<12,50000
<12,85000
<12,4000
<12,25000
<12,74000
<12,3040
<12,8000
<12,19000
<12,36000
<12,20000
<12,10000
<12,30000
<12,5000
<12,30000
<12,45000
<12,43000
<12,14560
<12,32000
<12,18000
<12,55000
<12,18420
<12,22000
<12,18000
<12,25500
<12,20000
<12,5300
<12,18674
<12,13700
<12,17000
<12,27000
<12,30000
<12,6000
<12,14000
<12,35000
<12,50000
<12,9984
<12,10000
<12,85000
<12,2100
<12,28500
<12,60000
<12,80000
<12,25000
<12,6000
<12,21000
<12,19968
<12,8000
<12,14000
<12,61000
<12,37000
<12,38000
<12,56000
<12,14000
<12,16000
<12,38000
<12,30000
<12,98000
<12,2400
<12,22000
<12,38800
<12,68000
<12,15000
<12,2000
<12,67000
<12,19000
<12,30700
<12,25000
<12,18000
<12,3000
<12,20017
<12,12000
<12,32000
<12,22000
<12,22000
<12,43000
<12,60000
<12,29000
<12,26000
<12,30000
<12,52000
<12,9600
<12,27300
<12,71776
<12,7200
<12,350
<12,18000
<12,36000
<12,40000
<12,44328
<12,10000
<12,60000
<12,100000
<12,25000
<12,8000
<12,9000
<12,13000
<12,32000
<12,50400
<12,56000
<12,30000
<12,22000
12,5500
12,19000
12,85000
12,37000
12,70000
12,67000
12,45000
12,7200
12,66309
12,12000
12,17000
12,40000
12,52000
12,10000
12,50000
12,21800
12,95000
12,85000
12,50000
12,29000
12,34000
12,17000
12,38000
12,35000
12,32000
12,39000
12,140000
12,38000
12,75000
12,94600
12,5000
12,22000
12,14000
12,64500
12,53000
12,90000
12,12000
12,70000
12,80000
12,164307
12,39000
12,9600
12,48000
12,9000
12,17500
12,10000
12,105000
12,41500
12,43000
12,35000
12,60000
12,11500
12,68000
12,31085
12,16000
12,82000
12,21528
12,59000
12,22000
12,32000
12,14000
12,12000
12,46000
12,30000
12,12000
12,196424
12,20000
12,90000
12,23000
12,28000
12,20000
12,60000
12,98000
12,15000
12,22000
12,80000
12,95000
12,25000
12,4000
12,40000
12,35000
12,42000
12,12500
12,61000
12,22000
12,29000
12,50000
12,20000
12,5000
12,72000
12,50000
12,3000
12,41167
12,40000
12,11000
12,40000
12,48000
12,35000
12,25000
12,30000
12,40000
12,35000
12,41000
12,50300
12,37000
12,26000
12,20000
12,12000
12,23000
12,3000
12,74000
12,15000
12,72000
12,53000
12,30000
12,35000
12,16000
12,23400
12,20000
12,3000
12,20000
12,48000
12,22000
12,46000
12,37500
12,29000
12,125000
12,36000
12,40000
12,50000
12,50000
12,36000
12,71500
12,90000
12,42000
12,30000
12,9800
12,38500
12,43000
12,70000
12,30000
12,72000
12,23600
12,40000
12,35000
12,65000
12,48000
12,44000
12,56000
12,65000
12,31000
12,110000
12,3000
12,38000
12,42000
12,39000
12,60000
12,46000
12,125000
12,45000
12,17000
12,26000
12,16000
12,25000
12,13000
12,24000
12,12000
12,115000
12,20518
12,20160
12,12649
12,7500
12,36000
12,15000
12,48000
12,44000
12,50000
12,80000
12,5000
12,30000
12,6500
12,25000
12,130000
12,35000
12,16200
12,38000
12,24000
12,8000
12,80000
12,17000
12,31000
12,21600
12,23000
12,39000
12,18000
12,43000
12,53000
12,13000
12,20000
12,38000
12,27000
12,29800
12,80000
12,26000
12,52000
12,45000
12,12000
12,31000
12,41000
12,22000
12,38000
12,38685
12,27000
12,28600
12,29000
12,25000
12,245549
12,15000
12,16000
12,50000
12,42000
12,22000
12,67000
12,23300
12,41000
12,28000
12,26000
12,17407
12,52000
12,30000
12,41400
12,19000
12,40000
12,59000
12,32176
12,19000
12,59000
12,56000
12,60000
12,16000
12,7000
12,10000
12,17000
12,120000
12,52000
12,24000
12,90000
12,40000
12,19200
12,11040
12,18000
12,20000
12,20000
12,100000
12,40000
12,56000
12,15000
12,48000
12,110000
12,153334
12,33000
12,80000
12,24000
12,44000
12,8000
12,29515
12,46800
12,56856
12,34000
12,27915
12,45000
12,40000
12,17000
12,18000
12,29000
12,900
12,20000
12,28000
12,25000
12,52000
12,14000
12,35000
12,22000
12,8000
12,40000
12,12500
12,11000
12,18000
12,26800
12,32000
12,40574
12,26000
12,45000
12,55000
12,48000
12,68000
12,44000
12,16000
12,21455
12,16000
12,47000
12,36000
12,100000
12,25000
12,67000
12,30000
12,25000
12,42000
12,65000
12,41000
12,50000
12,25000
12,46000
12,26000
12,32000
12,9724
12,12000
12,8000
12,32000
12,9200
12,27000
12,27640
12,26000
12,32000
12,157117
12,25000
12,30000
12,24000
12,30000
12,29000
12,60000
12,60000
12,4000
12,22000
12,58000
12,66000
12,39144
12,28000
12,17000
12,46000
12,27000
12,40000
12,40000
12,37000
12,48000
12,29000
12,71000
12,52000
12,90000
12,24000
12,34500
12,52000
12,26000
12,70000
12,36000
12,55000
12,14000
12,28000
12,12000
12,40500
12,24000
12,3600
12,12000
12,52000
12,40000
12,65000
12,5280
12,32000
12,22500
12,25000
12,43000
12,55000
12,56000
12,28263
12,33000
12,58000
12,20000
12,7225
12,32000
12,13000
12,15000
12,15000
12,13000
12,50000
12,25000
12,50000
12,30000
12,46000
12,44000
12,26000
12,37500
12,99000
12,22000
12,8500
12,60000
12,13986
12,24024
12,48000
12,28800
12,15000
12,40000
12,35000
12,7500
12,35000
12,75000
12,20000
12,35000
12,78000
12,32000
12,14750
12,23100
12,30000
12,4560
12,10875
12,46500
12,20000
12,42000
12,56000
12,20376
12,25000
12,29000
12,60000
12,6000
12,5000
12,27000
12,41000
12,13100
12,38000
12,25000
12,70000
12,52000
12,39800
12,19000
12,16000
12,32000
12,22000
12,26350
12,34000
12,44000
12,34000
12,22800
12,62000
12,25000
12,50000
12,17000
12,39264
12,15000
12,3983
12,31658
12,20000
12,8000
12,2000
12,24000
12,5000
12,23500
12,11000
12,3890
12,12000
12,30000
12,28000
12,8000
12,36500
12,24000
12,25000
12,16257
12,26000
12,30620
12,7000
12,33955
12,28000
12,25000
12,26000
12,21000
12,19500
12,32000
12,18000
12,50000
12,8000
12,25000
12,82000
12,32000
12,19000
12,48000
12,33000
12,56000
12,40000
12,22000
12,2000
12,15000
12,75000
12,60000
12,32000
12,89000
12,53000
12,40000
12,9000
12,5000
12,97200
12,24000
12,74000
12,42000
12,10800
12,30000
12,30000
12,52000
12,72000
12,65000
12,30000
12,17000
12,15000
12,30000
12,18000
12,25000
12,70000
12,30000
12,37000
12,25000
12,31600
12,2200
12,18000
12,50000
12,40000
12,28000
12,22000
12,6000
12,50000
12,47000
12,34000
12,55000
12,28000
12,40000
12,48000
12,72000
12,31500
12,29500
12,40000
12,67000
12,26000
12,3000
12,9000
12,49400
12,29000
12,26800
12,23000
12,24000
12,60000
12,30000
12,32000
12,96000
12,300
12,45000
12,58000
12,40000
12,44000
12,68000
12,125000
12,60000
12,13000
12,120000
12,36000
12,8000
12,46000
12,19200
12,20000
12,61200
12,10000
12,35000
12,17000
12,40000
12,26000
12,80000
12,39000
12,13000
12,47000
12,40000
12,80000
12,41000
12,88000
12,18000
12,16000
12,27000
12,24000
12,500
12,3800
12,26000
12,33900
12,18000
12,3200
12,1500
12,25000
12,55000
12,60000
12,42000
12,5000
12,34000
12,36000
12,42000
12,47000
12,56000
12,45000
12,36000
12,16000
12,50987
12,4471
12,56000
12,60000
12,15000
12,35000
12,32000
12,21000
12,29400
12,32000
12,23400
12,56000
12,5000
12,20477
12,144000
12,29000
12,52000
12,55000
12,16000
12,36000
12,60000
12,49000
12,58000
12,18000
12,16000
12,20000
12,9300
12,16390
12,45000
12,33000
12,33000
12,52000
12,55000
12,29000
12,52000
12,22049
12,34000
12,42000
12,15000
12,1500
12,5000
12,22000
12,167803
12,45000
12,40000
12,35000
12,85000
12,24000
12,52000
12,67000
12,32000
12,16000
12,14000
12,32000
12,10000
12,50000
12,22000
12,68000
12,40000
12,600
12,26000
12,46000
12,36000
12,62000
12,90000
12,24000
12,24500
12,35000
12,52000
12,18000
12,25000
12,90000
12,52000
12,20000
12,9000
12,30000
12,15000
12,15000
12,11000
12,20000
12,58000
12,66000
12,36500
12,3408
12,5700
12,9600
12,34000
12,40000
12,32500
12,6000
12,20000
12,25000
12,30000
12,45000
12,29000
12,12500
12,26000
12,25000
12,23000
12,32000
12,48000
12,15000
12,23031
12,48000
12,50000
12,48000
12,26000
12,62500
12,16000
12,84600
12,11550
12,80000
12,150000
12,56000
12,32000
12,18000
12,30000
12,58000
12,13200
12,38000
12,20000
12,22000
12,12000
12,14000
12,30000
12,19900
12,34000
12,45000
12,9000
12,18000
12,31200
12,33000
12,47000
12,39000
12,25000
12,50000
12,40000
12,50000
12,40000
12,35000
12,1800
12,12000
12,6580
12,16000
12,60000
12,90000
12,85000
12,21000
12,38154
12,38200
12,25000
12,65000
12,30000
12,27412
12,9500
12,24000
12,62000
12,130000
12,25000
12,17000
12,18000
12,24000
12,45000
12,5000
12,14000
12,197062
12,72000
12,15000
12,40000
12,45000
12,58000
12,67000
12,35000
12,8400
12,21424
12,12000
12,36000
12,12000
12,42000
12,54000
12,62000
12,8600
12,55000
12,70000
12,31000
12,24000
12,4800
12,41000
12,22000
12,26000
12,27000
12,25000
12,66000
12,13000
12,12000
12,35000
12,21000
12,30775
12,20000
12,64000
12,8575
12,35000
12,26500
12,33000
12,38083
12,50000
12,7300
12,6000
12,29000
12,48000
12,25000
12,54000
12,35000
12,18000
12,26000
12,40000
12,32000
12,58000
12,8000
12,410008
12,30000
12,63000
12,14000
12,24314
12,9600
12,119000
12,120000
12,27400
12,21213
12,15000
12,36000
12,50000
12,1200
12,37000
12,100000
12,38000
12,23000
12,3563
12,38000
12,29000
12,27000
12,30000
12,32000
12,28398
12,25000
12,35718
12,83000
12,12000
12,8400
12,22000
12,26000
12,50000
12,9000
12,40000
12,33800
12,11500
12,11548
12,20000
12,55000
12,37500
12,47500
12,16000
12,29479
12,28000
12,10000
12,58000
12,7200
12,35000
12,21939
12,3200
12,36800
12,34000
12,56000
12,35000
12,12000
12,8000
12,35000
12,50000
12,196680
12,13000
12,36000
12,29000
12,38000
12,8500
12,50000
12,25000
12,43000
12,26000
12,900
12,20500
12,52000
12,56000
12,29800
12,50000
12,16000
12,22050
12,20000
12,20000
12,10000
12,22500
12,18560
12,3000
12,1300
12,38000
12,110000
12,19000
12,15000
12,25000
12,10056
12,16000
12,32000
12,11000
12,29000
12,14000
12,45000
12,25000
12,31000
12,24000
12,15785
12,34000
12,47000
12,22000
12,54000
12,30000
12,30000
12,26000
12,35000
12,20000
12,40000
12,52000
12,52000
12,30000
12,33000
12,52000
12,60000
12,38000
12,20000
12,72000
12,12000
12,42000
12,72000
12,70000
12,10900
12,42000
12,26280
12,9000
12,50000
12,4000
12,78000
12,65000
12,19000
12,56000
12,40000
12,60000
12,350
12,80000
12,8000
12,30456
12,57500
12,2000
12,45000
12,54000
12,50000
12,24000
12,40000
12,24000
12,42500
12,57000
12,22000
12,13691
12,15000
12,44000
12,2200
12,24200
12,10000
12,16000
12,35000
12,58000
12,45000
12,90000
12,24000
12,15000
12,14000
12,39000
12,90000
12,26000
12,2000
12,75000
12,60000
12,31000
12,40000
12,33000
12,60000
12,52900
12,58000
12,63000
12,40000
12,24000
12,22000
12,46000
12,3000
12,628
12,51000
12,3000
12,6000
12,4000
12,22000
12,33793
12,30000
12,82000
12,54000
12,42000
12,21000
12,30000
12,24000
12,23000
12,11560
12,12600
13-15,36000
13-15,65000
13-15,71000
13-15,43000
13-15,120000
13-15,150432
13-15,120000
13-15,34000
13-15,63000
13-15,30000
13-15,49000
13-15,83000
13-15,85000
13-15,120000
13-15,52000
13-15,12000
13-15,65000
13-15,82000
13-15,48000
13-15,55000
13-15,55000
13-15,45000
13-15,98000
13-15,30000
13-15,25000
13-15,2000
13-15,3000
13-15,65000
13-15,61500
13-15,45000
13-15,52000
13-15,40000
13-15,10000
13-15,125000
13-15,120000
13-15,70000
13-15,68000
13-15,26000
13-15,21000
13-15,28000
13-15,36000
13-15,15000
13-15,47000
13-15,40300
13-15,21400
13-15,78000
13-15,85000
13-15,29821
13-15,36000
13-15,53000
13-15,50000
13-15,5000
13-15,78500
13-15,5000
13-15,55000
13-15,36000
13-15,40000
13-15,35000
13-15,36500
13-15,75000
13-15,58000
13-15,23000
13-15,45000
13-15,56000
13-15,48000
13-15,41000
13-15,22000
13-15,20000
13-15,100000
13-15,28820
13-15,35500
13-15,34000
13-15,35000
13-15,25000
13-15,21000
13-15,35000
13-15,26000
13-15,30000
13-15,54000
13-15,19327
13-15,16000
13-15,85000
13-15,25000
13-15,30000
13-15,85000
13-15,25000
13-15,30000
13-15,24000
13-15,31000
13-15,31330
13-15,57000
13-15,65000
13-15,15000
13-15,75000
13-15,80000
13-15,64000
13-15,15000
13-15,170247
13-15,150000
13-15,45500
13-15,56000
13-15,25000
13-15,24000
13-15,44000
13-15,47000
13-15,40000
13-15,38262
13-15,59000
13-15,429
13-15,90000
13-15,30000
13-15,52000
13-15,31000
13-15,30000
13-15,20000
13-15,25000
13-15,20609
13-15,150000
13-15,130000
13-15,15000
13-15,12000
13-15,42000
13-15,62000
13-15,50000
13-15,3000
13-15,50000
13-15,24000
13-15,24000
13-15,50000
13-15,21000
13-15,36000
13-15,16000
13-15,209138
13-15,25000
13-15,257286
13-15,78000
13-15,56000
13-15,42000
13-15,34000
13-15,79000
13-15,45000
13-15,16000
13-15,22000
13-15,40000
13-15,40000
13-15,45000
13-15,39000
13-15,45000
13-15,35000
13-15,15000
13-15,51000
13-15,23000
13-15,28000
13-15,28352
13-15,12000
13-15,39100
13-15,6000
13-15,45000
13-15,171551
13-15,54000
13-15,35000
13-15,75000
13-15,9400
13-15,26000
13-15,45000
13-15,10000
13-15,60000
13-15,35000
13-15,13000
13-15,34000
13-15,8000
13-15,40000
13-15,100000
13-15,45000
13-15,29000
13-15,15000
13-15,27100
13-15,155867
13-15,29000
13-15,64000
13-15,50000
13-15,32000
13-15,68000
13-15,46000
13-15,26500
13-15,35675
13-15,83000
13-15,25000
13-15,14103
13-15,2000
13-15,81000
13-15,86000
13-15,60000
13-15,45000
13-15,48000
13-15,23000
13-15,68000
13-15,28000
13-15,3000
13-15,143000
13-15,25000
13-15,65000
13-15,14969
13-15,20000
13-15,55000
13-15,9000
13-15,1000
13-15,30000
13-15,62000
13-15,5100
13-15,9000
13-15,4000
13-15,104000
13-15,39400
13-15,50000
13-15,34000
13-15,16557
13-15,60000
13-15,57000
13-15,63000
13-15,90000
13-15,36000
13-15,18000
13-15,26074
13-15,52000
13-15,30000
13-15,36000
13-15,11000
13-15,15000
13-15,49000
13-15,50000
13-15,26524
13-15,85000
13-15,35650
13-15,68000
13-15,44000
13-15,80000
13-15,60000
13-15,40000
13-15,62000
13-15,68000
13-15,13000
13-15,55000
13-15,42500
13-15,8200
13-15,125000
13-15,36000
13-15,37770
13-15,185950
13-15,10574
13-15,33000
13-15,30000
13-15,48000
13-15,12800
13-15,49000
13-15,32000
13-15,25000
13-15,56000
13-15,37000
13-15,40000
13-15,95000
13-15,59500
13-15,220904
13-15,22000
13-15,32000
13-15,25000
13-15,46000
13-15,26000
13-15,30500
13-15,27000
13-15,4000
13-15,30000
13-15,72000
13-15,33000
13-15,34000
13-15,60000
13-15,58000
13-15,35000
13-15,71000
13-15,50000
13-15,94000
13-15,16000
13-15,120000
13-15,45000
13-15,42000
13-15,65000
13-15,10372
13-15,35000
13-15,42000
13-15,18300
13-15,60000
13-15,85000
13-15,1500
13-15,12000
13-15,7200
13-15,77000
13-15,13000
13-15,41000
13-15,22000
13-15,87000
13-15,1200
13-15,73000
13-15,30000
13-15,32000
13-15,6000
13-15,72000
13-15,6700
13-15,41600
13-15,27000
13-15,30000
13-15,42000
13-15,25000
13-15,12000
13-15,17000
13-15,37000
13-15,52000
13-15,113000
13-15,1800
13-15,20000
13-15,20000
13-15,24000
13-15,145000
13-15,32000
13-15,10000
13-15,10000
13-15,50000
13-15,2000
13-15,45000
13-15,50000
13-15,900
13-15,45000
13-15,32000
13-15,43500
13-15,72000
13-15,105000
13-15,33000
13-15,77000
13-15,24626
13-15,26000
13-15,28000
13-15,72000
13-15,18520
13-15,47000
13-15,65000
13-15,87000
13-15,24600
13-15,77000
13-15,67000
13-15,44000
13-15,52000
13-15,11000
13-15,135000
13-15,31000
13-15,65000
13-15,35000
13-15,40000
13-15,38000
13-15,2760
13-15,43000
13-15,7000
13-15,35000
13-15,39000
13-15,7900
13-15,4500
13-15,36000
13-15,6360
13-15,85000
13-15,45000
13-15,42000
13-15,25000
13-15,28013
13-15,23000
13-15,25275
13-15,30000
13-15,11000
13-15,78000
13-15,12000
13-15,47000
13-15,55000
13-15,30000
13-15,51000
13-15,44000
13-15,65000
13-15,1200
13-15,45000
13-15,58000
13-15,45000
13-15,54000
13-15,30000
13-15,80000
13-15,39000
13-15,38000
13-15,108000
13-15,3000
13-15,50000
13-15,52000
13-15,39900
13-15,36000
13-15,40000
13-15,7800
13-15,79000
13-15,25000
13-15,22000
13-15,27300
13-15,25000
13-15,32000
13-15,68000
13-15,1748
13-15,45000
13-15,6000
13-15,222924
13-15,45000
13-15,50000
13-15,49000
13-15,75000
13-15,32000
13-15,62000
13-15,42000
13-15,75000
13-15,89000
13-15,10000
13-15,58000
13-15,75210
13-15,90000
13-15,41000
13-15,8900
13-15,27000
13-15,38000
13-15,76000
13-15,88000
13-15,40000
13-15,8500
13-15,32000
13-15,15500
13-15,50000
13-15,23000
13-15,93000
13-15,20000
13-15,50000
13-15,70000
13-15,38000
13-15,3500
13-15,50000
13-15,48000
13-15,95000
13-15,45291
13-15,15000
13-15,79000
13-15,53000
13-15,108000
13-15,54300
13-15,30000
13-15,72899
13-15,125000
13-15,48000
13-15,125000
13-15,70000
13-15,62987
13-15,35000
13-15,11000
13-15,34000
13-15,21000
13-15,27359
13-15,35000
13-15,50000
13-15,95000
13-15,10000
13-15,27581
13-15,77000
13-15,90000
13-15,99000
13-15,90000
13-15,56000
13-15,25000
13-15,15000
13-15,40000
13-15,38000
13-15,68651
13-15,4000
13-15,137000
13-15,100000
13-15,5000
13-15,3000
13-15,15000
13-15,75000
13-15,30000
13-15,19000
13-15,90000
13-15,50000
13-15,74000
13-15,58000
13-15,42000
13-15,57000
13-15,14000
13-15,24226
13-15,6000
13-15,60000
13-15,36000
13-15,39000
13-15,25000
13-15,27000
13-15,80000
13-15,47000
13-15,65000
13-15,22000
13-15,20000
13-15,17000
13-15,33500
13-15,17900
13-15,18839
13-15,33000
13-15,39000
13-15,42000
13-15,22000
13-15,36000
13-15,32500
13-15,66948
13-15,3000
13-15,94000
13-15,35100
13-15,15000
13-15,62000
13-15,115000
13-15,80000
13-15,40000
13-15,42000
13-15,18230
13-15,29000
13-15,29993
13-15,60000
13-15,43000
13-15,25000
13-15,10000
13-15,11000
13-15,33000
13-15,3000
13-15,42000
13-15,6000
13-15,89000
13-15,100000
13-15,65000
13-15,25000
13-15,34500
13-15,20000
13-15,15000
13-15,35000
13-15,40000
13-15,32530
13-15,70000
13-15,31000
13-15,96000
13-15,36000
13-15,120000
13-15,37100
13-15,68000
13-15,3500
13-15,35000
13-15,98000
13-15,50000
13-15,6000
13-15,10000
13-15,63000
13-15,11000
13-15,16000
13-15,20000
13-15,51000
13-15,30000
13-15,25000
13-15,29000
13-15,10000
13-15,5250
13-15,36500
13-15,55000
13-15,14000
13-15,3000
13-15,65000
13-15,56000
13-15,52000
13-15,52000
13-15,23699
13-15,29500
13-15,40000
13-15,38000
13-15,45000
13-15,150000
13-15,6800
13-15,14000
13-15,6000
13-15,40000
13-15,28000
13-15,55000
13-15,40000
13-15,125000
13-15,38000
13-15,24000
13-15,18000
13-15,26500
13-15,22000
13-15,1600
13-15,8000
13-15,45000
13-15,24000
13-15,42500
13-15,33000
13-15,60000
13-15,146000
13-15,8000
13-15,74500
13-15,32900
13-15,1200
13-15,17000
13-15,32000
13-15,63000
13-15,1300
13-15,19500
13-15,27700
13-15,15000
13-15,25000
13-15,52000
13-15,57000
13-15,20108
13-15,40000
13-15,80000
13-15,77919
13-15,38400
13-15,24500
13-15,10000
13-15,64000
13-15,29000
13-15,46000
13-15,12000
13-15,68458
13-15,10000
13-15,40000
13-15,39000
13-15,35000
13-15,65000
13-15,28900
13-15,32000
13-15,42000
13-15,20000
13-15,3000
13-15,34000
13-15,3000
13-15,53000
13-15,36323
13-15,21000
13-15,45000
16,65000
16,8000
16,253043
16,45300
16,108000
16,14657
16,62000
16,105000
16,43000
16,12000
16,150000
16,80000
16,175829
16,8000
16,6000
16,26000
16,105000
16,16000
16,50000
16,261763
16,154541
16,14000
16,31500
16,69000
16,28000
16,120000
16,80000
16,110000
16,60000
16,58000
16,12000
16,20000
16,75000
16,180733
16,77000
16,1500
16,40000
16,53000
16,85000
16,20000
16,86000
16,25000
16,43000
16,73000
16,10000
16,27000
16,32000
16,46136
16,163172
16,58000
16,85000
16,30000
16,10000
16,55000
16,85000
16,30000
16,30000
16,58000
16,70000
16,115000
16,10500
16,29000
16,117000
16,85000
16,67500
16,176354
16,8000
16,42000
16,37000
16,15000
16,40000
16,37000
16,34000
16,20000
16,120000
16,37300
16,140000
16,27000
16,70000
16,394058
16,61000
16,70000
16,35000
16,35000
16,37000
16,58000
16,60000
16,180124
16,248713
16,63000
16,77000
16,95000
16,140000
16,9000
16,90000
16,46000
16,32000
16,36000
16,130000
16,80000
16,157280
16,16000
16,39000
16,15700
16,62000
16,30000
16,42000
16,70000
16,71000
16,12000
16,26000
16,51300
16,9200
16,3400
16,63000
16,47000
16,27300
16,368302
16,60000
16,73000
16,85000
16,105000
16,115000
16,19000
16,22000
16,12000
16,125000
16,35000
16,65000
16,45000
16,22000
16,4000
16,40000
16,36000
16,78000
16,52000
16,33000
16,135000
16,50000
16,35000
16,26000
16,92000
16,115000
16,57000
16,70000
16,48000
16,57600
16,44000
16,35000
16,70000
16,82000
16,46000
16,40000
16,30000
16,26000
16,60200
16,47000
16,71500
16,100000
16,102000
16,31000
16,40000
16,65000
16,50000
16,72000
16,98000
16,103000
16,36660
16,39500
16,33500
16,96000
16,44000
16,15300
16,70500
16,60000
16,51000
16,35000
16,92000
16,48000
16,88000
16,91500
16,125000
16,45000
16,62000
16,10000
16,57000
16,10000
16,52000
16,75000
16,69500
16,19285
16,74000
16,166924
16,194031
16,30000
16,10088
16,32000
16,62000
16,12500
16,20000
16,93000
16,140000
16,359118
16,100000
16,100000
16,45000
16,85000
16,282588
16,183223
16,25000
16,80000
16,53000
16,5000
16,138000
16,151083
16,10000
16,60000
16,40000
16,90000
16,135000
16,50000
16,89000
16,250
16,140000
16,18000
16,2000
16,1200
16,32000
16,8220
16,45000
16,65000
16,27000
16,200
16,4000
16,57000
16,96000
16,60000
16,18000
16,62000
16,65000
16,129000
16,159168
16,40000
16,69000
16,89000
16,35000
16,26000
16,65000
16,10000
16,74000
16,60000
16,69000
16,30000
16,32089
16,53000
16,95000
16,100000
16,100000
16,263445
16,25000
16,30000
16,519340
16,92000
16,74000
16,15000
16,102000
16,110000
16,40000
16,22000
16,50000
16,125000
16,444624
16,65000
16,15000
16,50000
16,50000
16,35000
16,62000
16,23900
16,32624
16,20000
16,90000
16,34900
16,20000
16,34000
16,49000
16,40000
16,40000
16,42000
16,26000
16,30000
16,120000
16,22000
16,18000
16,37000
16,185662
16,63000
16,30000
16,211052
16,95000
16,80000
16,202617
16,72000
16,146000
16,113000
16,73000
16,57000
16,100000
16,98000
16,15000
16,45000
16,60000
16,52000
16,209400
16,91500
16,108000
16,30000
16,33000
16,115000
16,70000
16,80000
16,25000
16,66768
16,126000
16,344856
16,80000
16,45000
16,34000
16,55000
16,72000
16,81000
16,90000
16,159193
16,41000
16,75000
16,120000
16,40000
16,33000
16,10800
16,75000
16,46000
16,56000
16,85000
16,60000
16,55000
16,65000
16,3200
16,40264
16,35000
16,75000
16,52000
16,95000
16,110000
16,12000
16,35000
16,38400
16,46000
16,18000
16,59850
16,135000
16,32000
16,57000
16,15000
16,60000
16,125000
16,37000
16,110000
16,62000
16,47000
16,95000
16,25000
16,36000
16,42000
16,65000
16,82000
16,43000
16,80000
16,67500
16,123000
16,24000
16,39000
16,50000
16,14000
16,24500
16,87000
16,28000
16,102831
16,11000
16,15000
16,30330
16,58500
16,60000
16,338101
16,125000
16,42000
16,17000
16,85000
16,150000
16,161182
16,49000
16,37000
16,30000
16,100000
16,91000
16,90000
16,39500
>16,64000
>16,42000
>16,55500
>16,120000
>16,186135
>16,41000
>16,65000
>16,44768
>16,35100
>16,76000
>16,65000
>16,92000
>16,118000
>16,348204
>16,130000
>16,102000
>16,105000
>16,79000
>16,99000
>16,96000
>16,100000
>16,34000
>16,47000
>16,62500
>16,55000
>16,50000
>16,65000
>16,10000
>16,60000
>16,388725
>16,122000
>16,25000
>16,80000
>16,1100
>16,147000
>16,1200
>16,36000
>16,42000
>16,55000
>16,110000
>16,96000
>16,43000
>16,52000
>16,57000
>16,74000
>16,120000
>16,115000
>16,30000
>16,16000
>16,33000
>16,34000
>16,73000
>16,169541
>16,66000
>16,90000
>16,52900
>16,52000
>16,183306
>16,64320
>16,90000
>16,7000
>16,54000
>16,55000
>16,51000
>16,29000
>16,84000
>16,63
>16,51000
>16,67000
>16,183467
>16,65000
>16,67500
>16,108000
>16,50000
>16,61000
>16,48000
>16,268384
>16,39000
>16,120000
>16,52000
>16,16000
>16,87000
>16,42000
>16,72000
>16,40000
>16,70000
>16,63000
>16,50000
>16,35000
>16,100000
>16,60000
>16,58000
>16,25000
>16,45000
>16,20000
>16,65000
>16,35942
>16,100035
>16,100000
>16,60000
>16,52000
>16,3000
>16,116000
>16,52000
>16,108888
>16,36000
>16,12000
>16,85000
>16,188404
>16,192896
>16,68000
>16,130000
>16,30000
>16,28000
>16,25000
>16,48000
>16,74481
>16,42000
>16,85000
>16,24000
>16,46000
>16,12000
>16,9000
>16,135000
>16,5500
>16,2700
>16,162919
>16,6000
>16,110000
>16,100000
>16,33600
>16,42000
>16,34500
>16,69000
>16,65000
>16,64000
>16,55000
>16,112000
>16,235236
>16,18500
>16,90000
>16,79000
>16,61000
>16,80000
>16,38000
>16,61000
>16,24000
>16,70000
>16,125000
>16,41000
>16,33000
>16,38000
>16,8000
>16,70000
>16,40500
>16,68000
>16,90000
>16,37000
>16,40000
>16,58000
>16,80000
>16,167252
>16,35000
>16,15000
>16,50000
>16,88000
>16,70000
>16,48000
>16,357310
>16,124000
>16,126000
>16,80000
>16,162733
>16,500
>16,33000
>16,85000
>16,35000
>16,46000
>16,40000
>16,180621
>16,35000
>16,110000
>16,68000
>16,170
>16,85000
>16,150000
>16,58000
>16,43000
>16,105000
>16,120000
>16,106000
>16,62000
>16,115000
>16,268323
>16,152840
>16,125000
>16,53600
>16,130000
>16,28000
>16,30000
>16,46000
>16,24000
>16,80000
>16,75000
>16,147
>16,150000
>16,54000
>16,89000
>16,39000
>16,150490
>16,703637
>16,73000
>16,99000
>16,80000
>16,30824
>16,25000
>16,85000
>16,38500
>16,2000
>16,171428
>16,97000
>16,82376
>16,96000
>16,150000
>16,100000
>16,60000
>16,10180
>16,32500
>16,189210
>16,51000
>16,38000
>16,68000
>16,138000
>16,95000
>16,32253
>16,88000
>16,8000
>16,69000
>16,40000
>16,110000
>16,169884
>16,16500
>16,55000
>16,157957
>16,176431
>16,35000
>16,43450
>16,50000
>16,101000
>16,150000
>16,62000
>16,20000
>16,90000
>16,5200
>16,51000
>16,29000
>16,97000
>16,39500
>16,155485
>16,28500
>16,50000
>16,99000
>16,50000
>16,206869
>16,42000
>16,65000
>16,52000
>16,61000
>16,85300
>16,85605
>16,47000
>16,162660
>16,75419
>16,91000
>16,53000
>16,32000
>16,102500
>16,92000
>16,93000
>16,22000
>16,42000
>16,49938
>16,75000
>16,140000
>16,72000
>16,16000
>16,58000
>16,48000
>16,55000
>16,194757
>16,130000
>16,355767
>16,70000
>16,10000
>16,84000
>16,29000
>16,67000
>16,163271
>16,60000
>16,34000
>16,40000
>16,90000
>16,40500
>16,57000
>16,54500
>16,37000
>16,6000
>16,56000
>16,188255
>16,52000
>16,92500
>16,78000
>16,60000
>16,69600
>16,30000
>16,228453
>16,215765
>16,39000
>16,44000
>16,39000
>16,153447
>16,34000
>16,56400
>16,20000
>16,30000
>16,152683
>16,62000
>16,23000
>16,55000
>16,57000
>16,123000
>16,20000
>16,80000
>16,200977
>16,45000
>16,59800
>16,600
>16,53000
>16,53000
>16,40000
>16,42000
>16,35000
>16,81000
>16,91000
>16,133000
>16,33000
>16,79000
>16,44000
>16,96000
>16,36000
>16,90000
>16,198032
>16,15000
>16,70000
>16,114000
>16,53000
>16,70000
>16,1500
>16,40000
>16,48000
>16,38000
>16,85000
>16,82000
>16,43000
>16,110500
>16,70000
>16,53000
>16,65000
>16,45000
>16,49000
>16,158730
>16,40000
>16,120000
>16,45000